#VRML V2.0 utf8
# 3D model generated by easyeda2kicad.py (https://github.com/uPesy/easyeda2kicad.py)

Shape{
    appearance Appearance {
        material  Material 	{
            diffuseColor 0.6666666666666666 0.6666666666666666 0.6666666666666666
            specularColor 0.4666666666666667 0.4666666666666667 0.4666666666666667
            ambientIntensity 0.6667
            transparency 0.0
            shininess 0.5
        }
    }
    geometry IndexedFaceSet {
        ccw TRUE
        solid FALSE
        coord DEF co Coordinate {
            point [
                -0.7165 -3.0022 0.8071, -0.7165 -0.7146 0.8071, -0.4646 -3.0022 0.8071, -0.4646 -0.7146 0.8071, -0.7165 -0.4626 -1.0435, -0.7165 -0.7146 -1.0435, -0.7165 -0.4626 0.8071, -0.7165 -3.0022 1.0591, -0.7165 -0.7146 1.0591, -0.7165 -0.5364 0.9853, -0.7165 -0.4964 0.9331, -0.7165 -0.4712 0.8723, -0.7165 -0.6494 1.0505, -0.7165 -0.5886 1.0253, -0.4646 -3.0022 1.0591, -0.4646 -0.7146 1.0591, -0.4646 -0.6494 1.0505, -0.4646 -0.5886 1.0253, -0.4646 -0.7146 -1.0435, -0.4646 -0.4626 -1.0435, -0.4646 -0.4626 0.8071, -0.4646 -0.4712 0.8723, -0.4646 -0.4964 0.9331, -0.4646 -0.5364 0.9853, -0.6378 -3.2185 0.8858, -0.5433 -3.2185 0.8858, -0.6378 -3.2185 0.9803, -0.5433 -3.2185 0.9803, -0.6378 -0.5413 -1.2598, -0.5433 -0.5413 -1.2598, -0.6378 -0.6358 -1.2598, -0.5433 -0.6358 -1.2598, -0.7165 0.7185 -1.0435, -0.7165 0.7185 1.6496, -0.4646 0.7185 -1.0435, -0.4646 0.7185 1.6496, -0.6378 -3.2185 2.1614, -0.6378 -3.2185 2.0669, -0.5433 -3.2185 2.1614, -0.5433 -3.2185 2.0669, -0.7165 -3.0022 1.9882, -0.7165 0.128 1.9882, -0.4646 -3.0022 1.9882, -0.4646 0.128 1.9882, -0.4646 0.4665 -1.0435, -0.4646 0.4665 1.6496, -0.4646 0.455 1.7372, -0.4646 0.7072 1.7648, -0.4646 0.6736 1.8756, -0.4646 0.4212 1.8189, -0.4646 0.619 1.9777, -0.4646 0.3674 1.889, -0.4646 0.5455 2.0672, -0.4646 0.2972 1.9428, -0.4646 -3.0022 2.2402, -0.4646 0.128 2.2402, -0.4646 0.2432 2.2288, -0.4646 0.2156 1.9767, -0.4646 0.3539 2.1952, -0.4646 0.456 2.1406, -0.7165 -3.0022 2.2402, -0.7165 0.128 2.2402, -0.7165 0.4665 -1.0435, -0.7165 0.4665 1.6496, -0.7165 0.7072 1.7648, -0.7165 0.455 1.7372, -0.7165 0.6736 1.8756, -0.7165 0.4212 1.8189, -0.7165 0.2156 1.9767, -0.7165 0.3539 2.1952, -0.7165 0.2972 1.9428, -0.7165 0.456 2.1406, -0.7165 0.3674 1.889, -0.7165 0.5455 2.0672, -0.7165 0.619 1.9777, -0.7165 0.2432 2.2288, -0.5433 0.5453 -1.2598, -0.6378 0.5453 -1.2598, -0.5433 0.6398 -1.2598, -0.6378 0.6398 -1.2598, 0.4646 -3.0022 0.8071, 0.4646 -0.7146 0.8071, 0.7165 -3.0022 0.8071, 0.7165 -0.7146 0.8071, 0.4646 -0.4626 -1.0435, 0.4646 -0.7146 -1.0435, 0.4646 -0.4626 0.8071, 0.4646 -3.0022 1.0591, 0.4646 -0.7146 1.0591, 0.4646 -0.5364 0.9853, 0.4646 -0.4964 0.9331, 0.4646 -0.4712 0.8723, 0.4646 -0.6494 1.0505, 0.4646 -0.5886 1.0253, 0.7165 -3.0022 1.0591, 0.7165 -0.7146 1.0591, 0.7165 -0.6494 1.0505, 0.7165 -0.5886 1.0253, 0.7165 -0.7146 -1.0435, 0.7165 -0.4626 -1.0435, 0.7165 -0.4626 0.8071, 0.7165 -0.4712 0.8723, 0.7165 -0.4964 0.9331, 0.7165 -0.5364 0.9853, 0.5433 -3.2185 0.8858, 0.6378 -3.2185 0.8858, 0.5433 -3.2185 0.9803, 0.6378 -3.2185 0.9803, 0.5433 -0.5413 -1.2598, 0.6378 -0.5413 -1.2598, 0.5433 -0.6358 -1.2598, 0.6378 -0.6358 -1.2598, 0.4646 0.7185 -1.0435, 0.4646 0.7185 1.6496, 0.7165 0.7185 -1.0435, 0.7165 0.7185 1.6496, 0.5433 -3.2185 2.1614, 0.5433 -3.2185 2.0669, 0.6378 -3.2185 2.1614, 0.6378 -3.2185 2.0669, 0.4646 -3.0022 1.9882, 0.4646 0.128 1.9882, 0.7165 -3.0022 1.9882, 0.7165 0.128 1.9882, 0.7165 0.4665 -1.0435, 0.7165 0.4665 1.6496, 0.7165 0.455 1.7372, 0.7165 0.7072 1.7648, 0.7165 0.6736 1.8756, 0.7165 0.4212 1.8189, 0.7165 0.619 1.9777, 0.7165 0.3674 1.889, 0.7165 0.5455 2.0672, 0.7165 0.2972 1.9428, 0.7165 -3.0022 2.2402, 0.7165 0.128 2.2402, 0.7165 0.2432 2.2288, 0.7165 0.2156 1.9767, 0.7165 0.3539 2.1952, 0.7165 0.456 2.1406, 0.4646 -3.0022 2.2402, 0.4646 0.128 2.2402, 0.4646 0.4665 -1.0435, 0.4646 0.4665 1.6496, 0.4646 0.7072 1.7648, 0.4646 0.455 1.7372, 0.4646 0.6736 1.8756, 0.4646 0.4212 1.8189, 0.4646 0.2156 1.9767, 0.4646 0.3539 2.1952, 0.4646 0.2972 1.9428, 0.4646 0.456 2.1406, 0.4646 0.3674 1.889, 0.4646 0.5455 2.0672, 0.4646 0.619 1.9777, 0.4646 0.2432 2.2288, 0.6378 0.5453 -1.2598, 0.5433 0.5453 -1.2598, 0.6378 0.6398 -1.2598, 0.5433 0.6398 -1.2598
            ]
        }
        coordIndex [
            0,1,2,-1,2,1,3,-1,4,5,6,-1,6,5,1,-1,0,7,1,-1,1,7,8,-1,9,10,1,-1,1,10,11,-1,1,11,6,-1,8,12,1,-1,1,12,13,-1,1,13,9,-1,14,15,7,-1,7,15,8,-1,14,2,15,-1,15,2,3,-1,15,3,16,-1,16,3,17,-1,18,19,3,-1,3,19,20,-1,3,20,21,-1,21,22,3,-1,3,22,23,-1,3,23,17,-1,4,6,19,-1,19,6,20,-1,24,25,26,-1,26,25,27,-1,18,3,5,-1,5,3,1,-1,28,29,30,-1,30,29,31,-1,8,15,16,-1,8,16,12,-1,12,16,17,-1,12,17,13,-1,13,17,23,-1,13,23,9,-1,9,23,22,-1,9,22,10,-1,10,22,21,-1,10,21,11,-1,11,21,20,-1,11,20,6,-1,29,19,31,-1,31,19,18,-1,28,4,29,-1,29,4,19,-1,5,30,18,-1,18,30,31,-1,30,5,28,-1,28,5,4,-1,14,27,2,-1,2,27,25,-1,7,26,14,-1,14,26,27,-1,24,0,25,-1,25,0,2,-1,0,24,7,-1,7,24,26,-1,32,33,34,-1,34,33,35,-1,36,37,38,-1,38,37,39,-1,40,41,42,-1,42,41,43,-1,44,34,45,-1,45,34,35,-1,45,35,46,-1,35,47,46,-1,46,47,48,-1,46,48,49,-1,49,48,50,-1,49,50,51,-1,51,50,52,-1,51,52,53,-1,54,42,55,-1,55,42,43,-1,55,43,56,-1,56,43,57,-1,56,57,58,-1,58,57,53,-1,58,53,59,-1,59,53,52,-1,54,55,60,-1,60,55,61,-1,32,62,33,-1,33,62,63,-1,33,63,64,-1,64,63,65,-1,64,65,66,-1,66,65,67,-1,68,69,70,-1,70,69,71,-1,70,71,72,-1,72,71,73,-1,72,73,67,-1,67,73,74,-1,67,74,66,-1,40,60,41,-1,41,60,61,-1,41,61,68,-1,68,61,75,-1,68,75,69,-1,44,45,62,-1,62,45,63,-1,76,77,78,-1,78,77,79,-1,43,41,57,-1,57,41,68,-1,57,68,53,-1,53,68,70,-1,53,70,51,-1,51,70,72,-1,51,72,49,-1,49,72,67,-1,49,67,46,-1,46,67,65,-1,46,65,45,-1,45,65,63,-1,35,33,64,-1,35,64,47,-1,47,64,66,-1,47,66,48,-1,48,66,74,-1,48,74,50,-1,50,74,73,-1,50,73,52,-1,52,73,71,-1,52,71,59,-1,59,71,69,-1,59,69,58,-1,58,69,75,-1,58,75,56,-1,56,75,61,-1,56,61,55,-1,77,62,79,-1,79,62,32,-1,76,44,77,-1,77,44,62,-1,34,78,32,-1,32,78,79,-1,78,34,76,-1,76,34,44,-1,42,39,40,-1,40,39,37,-1,54,38,42,-1,42,38,39,-1,36,60,37,-1,37,60,40,-1,60,36,54,-1,54,36,38,-1,80,81,82,-1,82,81,83,-1,84,85,86,-1,86,85,81,-1,80,87,81,-1,81,87,88,-1,89,90,81,-1,81,90,91,-1,81,91,86,-1,88,92,81,-1,81,92,93,-1,81,93,89,-1,94,95,87,-1,87,95,88,-1,94,82,95,-1,95,82,83,-1,95,83,96,-1,96,83,97,-1,98,99,83,-1,83,99,100,-1,83,100,101,-1,101,102,83,-1,83,102,103,-1,83,103,97,-1,84,86,99,-1,99,86,100,-1,104,105,106,-1,106,105,107,-1,98,83,85,-1,85,83,81,-1,108,109,110,-1,110,109,111,-1,88,95,96,-1,88,96,92,-1,92,96,97,-1,92,97,93,-1,93,97,103,-1,93,103,89,-1,89,103,102,-1,89,102,90,-1,90,102,101,-1,90,101,91,-1,91,101,100,-1,91,100,86,-1,109,99,111,-1,111,99,98,-1,108,84,109,-1,109,84,99,-1,85,110,98,-1,98,110,111,-1,110,85,108,-1,108,85,84,-1,94,107,82,-1,82,107,105,-1,87,106,94,-1,94,106,107,-1,104,80,105,-1,105,80,82,-1,80,104,87,-1,87,104,106,-1,112,113,114,-1,114,113,115,-1,116,117,118,-1,118,117,119,-1,120,121,122,-1,122,121,123,-1,124,114,125,-1,125,114,115,-1,125,115,126,-1,115,127,126,-1,126,127,128,-1,126,128,129,-1,129,128,130,-1,129,130,131,-1,131,130,132,-1,131,132,133,-1,134,122,135,-1,135,122,123,-1,135,123,136,-1,136,123,137,-1,136,137,138,-1,138,137,133,-1,138,133,139,-1,139,133,132,-1,134,135,140,-1,140,135,141,-1,112,142,113,-1,113,142,143,-1,113,143,144,-1,144,143,145,-1,144,145,146,-1,146,145,147,-1,148,149,150,-1,150,149,151,-1,150,151,152,-1,152,151,153,-1,152,153,147,-1,147,153,154,-1,147,154,146,-1,120,140,121,-1,121,140,141,-1,121,141,148,-1,148,141,155,-1,148,155,149,-1,124,125,142,-1,142,125,143,-1,156,157,158,-1,158,157,159,-1,123,121,137,-1,137,121,148,-1,137,148,133,-1,133,148,150,-1,133,150,131,-1,131,150,152,-1,131,152,129,-1,129,152,147,-1,129,147,126,-1,126,147,145,-1,126,145,125,-1,125,145,143,-1,115,113,144,-1,115,144,127,-1,127,144,146,-1,127,146,128,-1,128,146,154,-1,128,154,130,-1,130,154,153,-1,130,153,132,-1,132,153,151,-1,132,151,139,-1,139,151,149,-1,139,149,138,-1,138,149,155,-1,138,155,136,-1,136,155,141,-1,136,141,135,-1,157,142,159,-1,159,142,112,-1,156,124,157,-1,157,124,142,-1,114,158,112,-1,112,158,159,-1,158,114,156,-1,156,114,124,-1,122,119,120,-1,120,119,117,-1,134,118,122,-1,122,118,119,-1,116,140,117,-1,117,140,120,-1,140,116,134,-1,134,116,118,-1,
        ]
    }
}
Shape{
    appearance Appearance {
        material  Material 	{
            diffuseColor 0.17647058823529413 0.17647058823529413 0.17647058823529413
            specularColor 0.011764705882352941 0.011764705882352941 0.011764705882352941
            ambientIntensity 0.251
            transparency 0.0
            shininess 0.5
        }
    }
    geometry IndexedFaceSet {
        ccw TRUE
        solid FALSE
        coord DEF co Coordinate {
            point [
                0.3027 -1.6683 2.874, 0.3027 -1.7264 2.874, 0.3517 -1.7264 2.874, 0.5301 -2.0352 2.874, 0.5301 -2.0963 2.874, 0.5641 -2.0963 2.874, -0.9596 -1.8518 2.874, -0.9502 -1.8305 2.874, -1.8898 -1.8305 2.874, -0.19 -1.8219 2.874, -0.1841 -1.8305 2.874, -0.0706 -1.8305 2.874, 0.2788 -2.1185 2.874, 0.2774 -2.1185 2.874, 0.2774 -2.1904 2.874, 0.2774 -2.1184 2.874, 0.3123 -2.118 2.874, 0.3077 -2.1185 2.874, 0.3517 -2.1185 2.874, 1.8898 -3.3366 2.874, 1.8898 -2.1904 2.874, 0.6215 -2.1904 2.874, 0.4821 -1.9873 2.874, 0.4304 -2.1185 2.874, 0.4944 -2.1185 2.874, 0.1734 -1.6476 2.874, 0.1874 -1.6458 2.874, 0.1151 -1.6458 2.874, 0.6215 -1.7793 2.874, 0.6125 -1.7793 2.874, 0.6215 -1.8305 2.874, 0.595 -1.8289 2.874, 0.5641 -1.8305 2.874, 0.5691 -1.8289 2.874, 0.5641 -1.6458 2.874, 0.6215 -1.6915 2.874, 0.6215 -1.6458 2.874, 0.6383 -1.6474 2.874, 0.6633 -1.6474 2.874, 0.0272 -1.9599 2.874, 0.0272 -2.0144 2.874, 0.1042 -1.9599 2.874, 0.0922 -2.0144 2.874, 0.0272 -2.0352 2.874, 0.0272 -2.0963 2.874, 0.0922 -2.0352 2.874, 0.1014 -2.0963 2.874, 0.1042 -2.1185 2.874, 0.1014 -2.117 2.874, 0.0038 -2.117 2.874, 0.6386 -2.117 2.874, 0.6386 -1.9599 2.874, 0.6215 -1.9599 2.874, 0.6386 -1.9354 2.874, 0.8657 -1.9354 2.874, 0.8907 -1.9354 2.874, 0.6904 -1.9354 2.874, 0.7181 -1.9385 2.874, 0.7766 -1.9813 2.874, 0.7833 -1.9986 2.874, 0.8563 -1.9599 2.874, 0.7653 -1.9655 2.874, 0.934 -2.117 2.874, 0.6215 -2.1185 2.874, 0.9599 -2.117 2.874, 1.8898 -2.1185 2.874, 0.9 -1.9599 2.874, 1.8898 -1.9599 2.874, 1.8898 -1.8305 2.874, 0.74 -1.9465 2.874, 0.7591 -1.9595 2.874, 0.7595 -1.9599 2.874, 0.7726 -2.0754 2.874, 0.7591 -2.0916 2.874, 0.7965 -2.117 2.874, 0.7404 -2.105 2.874, 0.7198 -2.1131 2.874, 0.6885 -2.117 2.874, 0.8224 -2.117 2.874, 0.8399 -2.0673 2.874, 0.9155 -2.0673 2.874, 0.7864 -2.0239 2.874, 0.7859 -2.0354 2.874, 0.7815 -2.0566 2.874, 0.2191 -1.6458 2.874, 0.2241 -1.6462 2.874, 0.2506 -1.6458 2.874, 0.2429 -1.6517 2.874, 0.2429 -1.6762 2.874, 0.2429 -1.799 2.874, 0.2429 -1.8214 2.874, 0.2506 -1.8305 2.874, 0.2046 -1.8108 2.874, 0.2251 -1.807 2.874, 0.2398 -1.823 2.874, 0.2203 -1.8294 2.874, 0.2087 -1.8305 2.874, 0.1405 -1.7797 2.874, 0.1494 -1.792 2.874, 0.1529 -1.7955 2.874, 0.1647 -1.8039 2.874, 0.1777 -1.8089 2.874, 0.196 -1.8111 2.874, 0.2225 -1.6681 2.874, 0.1484 -1.6882 2.874, 0.2409 -1.6751 2.874, 0.1399 -1.7011 2.874, 0.1341 -1.7172 2.874, 0.2001 -1.6655 2.874, 0.1931 -1.6657 2.874, 0.1506 -1.6856 2.874, 0.1773 -1.6688 2.874, 0.163 -1.6754 2.874, 0.1316 -1.7402 2.874, 0.1318 -1.7469 2.874, 0.1347 -1.7651 2.874, 0.1151 -1.0138 2.874, 0.1999 -1.6443 2.874, 0.2506 -1.0138 2.874, 0.2004 -1.6443 2.874, 0.12 -1.6882 2.874, 0.1332 -1.671 2.874, 0.1375 -1.6669 2.874, 0.1544 -1.655 2.874, 0.1042 -1.6458 2.874, 0.1114 -1.7084 2.874, 0.1151 -1.6998 2.874, 0.1151 -1.783 2.874, 0.1099 -1.7687 2.874, 0.1042 -1.8305 2.874, 0.107 -1.7416 2.874, 0.1073 -1.7321 2.874, 0.1151 -1.9599 2.874, 0.1768 -1.8305 2.874, 0.1151 -1.8305 2.874, 0.162 -1.8274 2.874, 0.1449 -1.8194 2.874, 0.1303 -1.8072 2.874, 0.1274 -1.804 2.874, 0.1169 -1.7882 2.874, 0.2506 -1.9599 2.874, 0.1927 -1.832 2.874, 0.1817 -1.8315 2.874, 0.417 -2.0848 2.874, 0.4198 -2.0955 2.874, 0.4204 -2.0955 2.874, 0.4944 -1.9599 2.874, 0.3941 -1.9599 2.874, 0.4586 -1.9873 2.874, 0.3941 -2.0189 2.874, 0.4231 -2.085 2.874, 0.4214 -2.091 2.874, 0.3941 -2.1185 2.874, 0.3941 -2.0799 2.874, 0.3577 -1.9873 2.874, 0.4085 -2.1167 2.874, 0.4078 -2.1185 2.874, 0.3985 -2.1403 2.874, 0.3517 -2.1904 2.874, 0.3623 -2.1762 2.874, 0.3623 -2.156 2.874, 0.3752 -2.1586 2.874, 0.3671 -2.1575 2.874, 0.3767 -2.1585 2.874, 0.3819 -2.1577 2.874, 0.3867 -2.1555 2.874, 0.3895 -2.1535 2.874, 0.3938 -2.1489 2.874, 0.3941 -2.1484 2.874, 0.3941 -2.174 2.874, 0.3862 -2.177 2.874, 0.3941 -2.1904 2.874, 0.377 -2.1781 2.874, 0.369 -2.1776 2.874, 0.4233 -2.1366 2.874, 0.4131 -2.1565 2.874, 0.4944 -2.1904 2.874, 0.4048 -2.1665 2.874, 0.4031 -2.1681 2.874, 0.3951 -2.1736 2.874, 1.8898 -0.187 2.874, 1.3504 -0.187 2.874, 1.8898 -1.6458 2.874, 1.3504 -1.0138 2.874, 0.6881 -1.7793 2.874, 0.7066 -1.8289 2.874, 0.7325 -1.8289 2.874, 1.3504 -4.0846 2.874, -1.8898 -2.1904 2.874, -1.8898 -3.3366 2.874, -0.7418 -2.1904 2.874, -1.3504 -4.0846 2.874, -0.724 -2.198 2.874, -0.635 -2.1904 2.874, -0.6573 -2.199 2.874, -0.6221 -4.0846 2.874, -0.6884 -2.2028 2.874, -0.6935 -2.2027 2.874, -1.3504 -0.187 2.874, -1.8898 -0.187 2.874, -1.3504 -1.0138 2.874, -1.8898 -1.6458 2.874, -0.6221 -1.622 2.874, -0.582 -1.6066 2.874, -0.6221 -1.0138 2.874, -0.518 -1.5986 2.874, -0.0706 -1.0138 2.874, -0.4648 -1.6042 2.874, -0.4 -1.6271 2.874, -0.0706 -1.6458 2.874, 0.1042 -1.0138 2.874, 0.2774 -1.6458 2.874, 0.2774 -1.0138 2.874, 0.3517 -1.6458 2.874, 0.3517 -1.0138 2.874, 0.6215 -1.0138 2.874, 0.5641 -1.0138 2.874, 0.4944 -1.0138 2.874, 0.4944 -1.6458 2.874, -0.2756 -4.0059 2.874, -0.2756 -2.8681 2.874, -0.6221 -2.1904 2.874, -0.0706 -2.1904 2.874, 0.2506 -4.0846 2.874, 0.1151 -4.0059 2.874, 0.1151 -4.0846 2.874, 0.1042 -4.0059 2.874, 0.1042 -4.0846 2.874, -0.0706 -4.0059 2.874, -0.0706 -4.0846 2.874, -0.6285 -2.188 2.874, 0.2506 -2.8681 2.874, 0.2756 -2.8681 2.874, 0.2774 -4.0846 2.874, 0.2756 -4.0059 2.874, 0.2506 -4.0059 2.874, 0.3517 -1.9599 2.874, 0.3396 -1.9901 2.874, 0.3396 -2.0122 2.874, 0.3382 -2.0603 2.874, 0.3423 -2.0662 2.874, 0.3448 -2.0728 2.874, 0.3458 -2.0817 2.874, 0.3448 -2.0905 2.874, 0.3421 -2.0978 2.874, 0.3379 -2.1038 2.874, 0.3831 -1.9873 2.874, 0.2784 -1.9913 2.874, 0.2906 -1.9866 2.874, 0.2774 -1.9599 2.874, 0.3089 -1.9843 2.874, 0.3248 -1.9858 2.874, 0.3312 -2.1097 2.874, 0.3247 -2.1136 2.874, 0.3066 -2.0028 2.874, 0.2999 -2.0033 2.874, 0.2818 -2.0203 2.874, 0.2938 -2.0049 2.874, 0.2887 -2.0076 2.874, 0.282 -2.0233 2.874, 0.2829 -2.0268 2.874, 0.2846 -2.0299 2.874, 0.2868 -2.0323 2.874, 0.2948 -2.0373 2.874, 0.3226 -2.0048 2.874, 0.3089 -2.0435 2.874, 0.3354 -2.0097 2.874, 0.3177 -2.047 2.874, 0.3328 -2.0554 2.874, 0.2853 -2.0107 2.874, 0.2833 -2.0136 2.874, 0.2822 -2.0166 2.874, 0.2592 -2.0144 2.874, 0.2619 -2.0071 2.874, 0.2741 -2.118 2.874, 0.2582 -2.1124 2.874, 0.2506 -2.1185 2.874, 0.2582 -2.089 2.874, 0.262 -2.0383 2.874, 0.2594 -2.0314 2.874, 0.2584 -2.0223 2.874, 0.266 -2.0009 2.874, 0.2729 -1.9946 2.874, 0.2774 -1.9919 2.874, 0.2774 -2.0984 2.874, 0.2774 -2.0526 2.874, 0.2664 -2.0941 2.874, 0.2685 -2.0467 2.874, 0.2648 -2.0428 2.874, 0.2806 -2.0996 2.874, 0.2928 -2.06 2.874, 0.2793 -2.0538 2.874, 0.2956 -2.1015 2.874, 0.2966 -2.1015 2.874, 0.3077 -2.0662 2.874, 0.3083 -2.1002 2.874, 0.3225 -2.0839 2.874, 0.3222 -2.0811 2.874, 0.3142 -2.098 2.874, 0.3162 -2.0968 2.874, 0.3189 -2.0945 2.874, 0.3208 -2.0915 2.874, 0.322 -2.0883 2.874, 0.3212 -2.0776 2.874, 0.3195 -2.0745 2.874, 0.3166 -2.0716 2.874, 0.2934 -2.1201 2.874, 0.1359 -2.0185 2.874, 0.1359 -1.9964 2.874, 0.1404 -1.9938 2.874, 0.1151 -2.1185 2.874, 0.1414 -2.1148 2.874, 0.1344 -2.1098 2.874, 0.2037 -1.9884 2.874, 0.2112 -1.9927 2.874, 0.2173 -1.9985 2.874, 0.2047 -2.0969 2.874, 0.2041 -2.0969 2.874, 0.2047 -2.117 2.874, 0.1988 -2.1045 2.874, 0.1914 -2.1116 2.874, 0.186 -2.1151 2.874, 0.177 -2.1185 2.874, 0.1324 -2.0552 2.874, 0.1393 -2.0492 2.874, 0.149 -2.0442 2.874, 0.1517 -2.0086 2.874, 0.1662 -2.0399 2.874, 0.1863 -2.0037 2.874, 0.1784 -2.0028 2.874, 0.1659 -2.004 2.874, 0.1311 -2.1064 2.874, 0.127 -2.1001 2.874, 0.1243 -2.0923 2.874, 0.1573 -1.9872 2.874, 0.1805 -1.9843 2.874, 0.194 -1.9855 2.874, 0.222 -2.0058 2.874, 0.2256 -2.016 2.874, 0.2274 -2.0335 2.874, 0.2047 -2.0346 2.874, 0.2039 -2.0247 2.874, 0.2016 -2.0165 2.874, 0.1989 -2.0118 2.874, 0.1232 -2.0823 2.874, 0.1233 -2.0796 2.874, 0.1247 -2.0697 2.874, 0.1278 -2.0617 2.874, 0.2274 -2.117 2.874, 0.1955 -2.0081 2.874, 0.1915 -2.0055 2.874, 0.2506 -2.1904 2.874, 0.1769 -2.1185 2.874, 0.1151 -2.1904 2.874, 0.1643 -2.1201 2.874, 0.1606 -2.1199 2.874, 0.1516 -2.1185 2.874, 0.15 -2.1183 2.874, -0.3721 -1.6458 2.874, -0.3424 -1.6658 2.874, -0.3001 -1.7146 2.874, -0.2727 -1.7678 2.874, -0.2622 -1.7715 2.874, -0.2242 -1.7915 2.874, -0.6416 -1.6295 2.874, -0.6678 -1.6458 2.874, -0.6729 -1.649 2.874, -0.9391 -1.8053 2.874, -0.9079 -1.7652 2.874, -0.8105 -1.7096 2.874, -0.7594 -1.7032 2.874, -0.7033 -1.675 2.874, -0.7446 -1.704 2.874, -0.7297 -1.7058 2.874, -0.8993 -1.7571 2.874, -0.8583 -1.7282 2.874, -1.8898 -1.9599 2.874, -0.9686 -1.9124 2.874, -0.9682 -1.9003 2.874, -0.8276 -2.1101 2.874, -0.8742 -2.0873 2.874, -1.8898 -2.1185 2.874, -0.9143 -2.0531 2.874, -0.9436 -2.0114 2.874, -0.9622 -1.9633 2.874, -0.9626 -1.9599 2.874, -0.7538 -2.1854 2.874, -0.779 -2.1664 2.874, -0.8111 -2.115 2.874, -0.8094 -2.1185 2.874, -0.7982 -2.1427 2.874, 0.1042 -2.1904 2.874, -0.0706 -2.1185 2.874, -0.5674 -2.1185 2.874, -0.5675 -2.1188 2.874, -0.5827 -2.1476 2.874, -0.6027 -2.1701 2.874, -0.6221 -2.1835 2.874, -0.1978 -2.0648 2.874, -0.232 -2.0919 2.874, -0.3907 -2.1171 2.874, -0.3993 -2.1145 2.874, -0.4082 -2.1091 2.874, -0.4142 -2.1033 2.874, -0.4096 -2.0472 2.874, -0.4016 -2.0418 2.874, -0.3786 -1.9653 2.874, -0.3926 -2.0386 2.874, -0.1927 -2.0595 2.874, -0.1451 -1.9456 2.874, -0.1475 -1.9599 2.874, -0.0706 -1.9599 2.874, -0.1522 -1.9878 2.874, -0.1695 -2.0281 2.874, -0.2718 -2.11 2.874, -0.3102 -2.1176 2.874, -0.3863 -2.1176 2.874, -0.4238 -2.0776 2.874, -0.4236 -2.0734 2.874, -0.5593 -2.0608 2.874, -0.4212 -2.0635 2.874, -0.4164 -2.0546 2.874, -0.3837 -2.0376 2.874, -0.3825 -2.0377 2.874, -0.3786 -2.0385 2.874, -0.4196 -2.0951 2.874, -0.4228 -2.0863 2.874, -0.56 -2.0869 2.874, -0.5593 -2.0737 2.874, -0.2511 -2.0064 2.874, -0.2369 -1.9863 2.874, -0.376 -2.0389 2.874, -0.3179 -2.0389 2.874, -0.2949 -2.0345 2.874, -0.2721 -2.024 2.874, -0.253 -2.0084 2.874, -0.6221 -1.9599 2.874, -0.5392 -1.9599 2.874, -0.6221 -1.8305 2.874, -0.4186 -1.8969 2.874, -0.228 -1.9633 2.874, -0.2276 -1.9599 2.874, -0.3817 -1.9599 2.874, -0.225 -1.9382 2.874, -0.2256 -1.9271 2.874, -0.2586 -1.8631 2.874, -0.2786 -1.8491 2.874, -0.2316 -1.9023 2.874, -0.2435 -1.88 2.874, -0.3012 -1.8405 2.874, -0.3257 -1.8375 2.874, -0.6221 -1.9624 2.874, -0.6141 -1.9667 2.874, -0.5916 -1.9872 2.874, -0.6884 -1.9433 2.874, -0.6726 -1.9443 2.874, -0.6415 -1.952 2.874, -0.6269 -1.9599 2.874, -0.7191 -1.9471 2.874, -0.8589 -1.8305 2.874, -0.7477 -1.958 2.874, -0.8724 -1.8498 2.874, -0.8834 -1.8786 2.874, -0.8769 -1.9599 2.874, -0.7504 -1.9599 2.874, -0.8857 -1.9294 2.874, -0.8872 -1.9098 2.874, -0.8765 -1.961 2.874, -0.7954 -2.0007 2.874, -0.7741 -1.9763 2.874, -0.861 -1.9875 2.874, -0.8378 -2.0113 2.874, -0.8098 -2.0285 2.874, -0.6452 -1.7286 2.874, -0.673 -1.764 2.874, -0.6897 -1.8 2.874, -0.6993 -1.7948 2.874, -0.7283 -1.7843 2.874, -0.7581 -1.7807 2.874, -0.7713 -1.7813 2.874, -0.8032 -1.7888 2.874, -0.832 -1.804 2.874, -0.8545 -1.8241 2.874, -0.3817 -1.7365 2.874, -0.4002 -1.7187 2.874, -0.5167 -1.6761 2.874, -0.5251 -1.6763 2.874, -0.568 -1.6833 2.874, -0.3556 -1.7739 2.874, -0.6098 -1.7013 2.874, -0.6221 -1.7107 2.874, -0.336 -1.8375 2.874, -0.3372 -1.8305 2.874, -0.3395 -1.8172 2.874, -0.4371 -1.6946 2.874, -0.4779 -1.6803 2.874, -0.1645 -1.8592 2.874, -0.1498 -1.8989 2.874, -0.1449 -1.9369 2.874, 0.5541 -1.7686 2.874, 0.5452 -1.7874 2.874, 0.5379 -1.6775 2.874, 0.5492 -1.6932 2.874, 0.4944 -1.8243 2.874, 0.4944 -1.8305 2.874, 0.513 -1.8169 2.874, 0.5317 -1.8035 2.874, 0.5317 -1.6714 2.874, 0.5559 -1.7105 2.874, 0.559 -1.7358 2.874, 0.5585 -1.7473 2.874, 0.463 -1.6474 2.874, 0.4907 -1.6504 2.874, 0.4944 -1.6518 2.874, 0.5126 -1.6584 2.874, 0.3941 -1.0138 2.874, 0.3941 -1.6458 2.874, 0.4924 -1.8251 2.874, 0.4612 -1.8289 2.874, 0.3941 -1.8305 2.874, 0.4112 -1.8289 2.874, 0.4112 -1.6474 2.874, 0.6043 -2.0963 2.874, 0.6043 -2.117 2.874, 0.5641 -2.1185 2.874, 0.5641 -1.9599 2.874, 0.5641 -2.0144 2.874, 0.595 -2.0144 2.874, 0.595 -2.0352 2.874, 0.5641 -2.0352 2.874, 0.5301 -2.0144 2.874, 0.5301 -1.9599 2.874, 0.5301 -1.9563 2.874, 0.5641 -1.9563 2.874, 0.5066 -2.117 2.874, 0.5066 -1.9599 2.874, 0.5066 -1.9354 2.874, 0.5641 -2.117 2.874, 0.3027 -1.8082 2.874, 0.3517 -1.8082 2.874, 0.3027 -1.7472 2.874, 0.3517 -1.7472 2.874, 0.3728 -1.6474 2.874, 0.3517 -1.6474 2.874, 0.3676 -1.7472 2.874, 0.3769 -1.8082 2.874, 0.3676 -1.7264 2.874, 0.3728 -1.6683 2.874, 0.3517 -1.6683 2.874, 0.3769 -1.8289 2.874, 0.3517 -1.8305 2.874, 0.3517 -1.8289 2.874, 0.2774 -1.8305 2.874, 0.2793 -1.8289 2.874, 0.2793 -1.6474 2.874, 0.0272 -1.6474 2.874, 0.0272 -1.8082 2.874, 0.0995 -1.8082 2.874, 0.0038 -1.8289 2.874, 0.0038 -1.6474 2.874, 0.0995 -1.8289 2.874, 0.0272 -1.9563 2.874, 0.0973 -1.9563 2.874, 0.0973 -1.9354 2.874, 0.0038 -1.9354 2.874, 0.0038 -1.9599 2.874, -0.0706 -2.8681 2.874, 0.1042 -2.8681 2.874, 0.1151 -2.8681 2.874, 0.6002 -1.9563 2.874, 0.6002 -1.9354 2.874, 0.5641 -1.9354 2.874, 0.6215 -4.0846 2.874, 0.5641 -2.1904 2.874, 0.5641 -4.0846 2.874, 0.4944 -4.0846 2.874, 0.3941 -4.0846 2.874, 0.3517 -4.0846 2.874, 1.5472 -1.0138 0.1969, 1.5472 -1.0138 0.0, 1.8898 -1.0138 0.3215, 1.8898 -1.0138 0.0, 1.3504 -2.0768 1.7913, 1.3504 -2.0768 1.9882, 1.3504 -3.3366 1.9882, 1.3504 -3.3366 2.6299, 1.3504 -4.0846 2.6299, 1.3504 -3.3366 1.0827, 1.3504 -2.0768 1.0827, 1.3504 -2.0768 1.2795, 1.3504 -1.0138 1.2795, 1.3504 -1.0138 1.7913, 1.3504 -3.3366 0.5906, 1.3504 -4.0846 0.5906, 1.8898 -3.3366 0.5906, 1.8898 -3.3366 1.0827, -0.4724 -1.0138 0.1969, -1.5472 -1.0138 0.1969, -1.5472 -1.0138 0.2362, 1.5472 -1.0138 0.2362, 0.4724 -1.0138 0.1969, -0.0787 -1.0138 0.1969, -0.0787 -1.0138 0.0, -0.4724 -1.0138 0.0, 0.0787 -1.0138 0.1969, 0.0787 -1.0138 0.0, 0.4724 -1.0138 0.0, -1.5472 -1.0138 0.0, -1.5472 -0.187 0.0, -1.5472 -0.187 0.2362, -1.8898 -1.0138 0.3215, -1.8898 -1.0138 0.0, 0.0787 -1.8957 0.0, 0.307 -1.8957 0.0, 0.3858 -1.9927 0.0, 0.4724 -2.2894 0.0, 0.4689 -2.2269 0.0, 0.4407 -2.1051 0.0, -0.0787 -3.5335 0.1969, -0.0787 -2.6831 0.0, -0.0787 -3.5335 0.0, -0.0787 -1.8957 0.0, -0.0787 -1.8957 -0.8268, -0.0787 -2.6831 -0.8268, -0.0787 -2.1989 -1.2598, -0.0787 -2.3798 -1.2598, -0.307 -2.6831 -0.7087, -0.307 -2.6831 0.0, -0.3858 -2.586 0.0, -0.3858 -2.586 -0.7087, -0.4407 -2.4737 0.0, -0.4407 -2.4737 -0.7087, -0.4689 -2.3519 0.0, -0.4689 -2.3519 -0.7087, -0.4724 -2.2894 0.0, -0.4689 -2.2269 -0.7087, -0.4689 -2.2269 0.0, -0.4407 -2.1051 0.0, -0.4407 -2.1051 -0.7087, -0.3858 -1.9927 0.0, -0.3858 -1.9927 -0.7087, -0.307 -1.8957 0.0, -0.307 -1.8957 -0.7087, -0.4766 -2.6831 -0.8268, -0.4766 -2.6831 -0.7087, -0.5439 -2.5645 -0.8268, -0.5452 -2.5614 -0.7087, -0.5449 -2.5613 -0.8268, -0.5873 -2.43 -0.8268, -0.5876 -2.4283 -0.7087, -0.5875 -2.4283 -0.8268, -0.602 -2.2894 -0.7087, -0.602 -2.2894 -0.8268, -0.5876 -2.1504 -0.7087, -0.5875 -2.1504 -0.8268, -0.5873 -2.1488 -0.8268, -0.5452 -2.0173 -0.7087, -0.5449 -2.0174 -0.8268, -0.5439 -2.0142 -0.8268, -0.4766 -1.8957 -0.7087, -0.4766 -1.8957 -0.8268, -0.2877 -2.3798 -1.2598, -0.2906 -2.3673 -1.2598, -0.2987 -2.2894 -1.2598, -0.2906 -2.2114 -1.2598, -0.2877 -2.1989 -1.2598, 1.8898 -0.502 2.1654, 1.8898 -0.502 0.5118, 1.5472 -0.502 2.1654, 0.7165 -0.502 0.5118, 1.5472 -0.502 2.5591, 0.7165 -0.502 2.5591, 1.5472 -0.187 2.5591, 0.8346 -0.187 2.5591, 0.7165 -0.3051 2.5591, -0.3465 -0.187 0.2362, -0.3465 -0.187 0.5118, 0.3465 -0.187 0.2362, 0.3465 -0.187 0.5118, -0.3465 -0.187 2.5591, -0.3465 -0.187 2.8346, 0.3465 -0.187 2.5591, 0.3465 -0.187 2.8346, -1.5472 -0.187 2.1654, -1.8898 -0.187 2.1654, -1.5472 -0.187 2.5591, -0.8346 -0.187 2.8346, -0.8346 -0.187 2.5591, -1.3504 -0.187 2.8346, 0.4646 -0.502 0.5118, -0.4646 -0.502 0.5118, 0.4646 -0.502 2.5591, -0.4646 -0.502 2.5591, 0.4646 -0.3051 0.5118, -0.4646 -0.3051 0.5118, 0.4646 -0.3051 2.5591, -0.4646 -0.3051 2.5591, -1.5472 -3.8116 0.1969, -0.4724 -3.5335 0.1969, 1.3504 -4.0846 0.1969, -1.3504 -4.0846 0.1969, 0.0787 -3.5335 0.1969, 0.4724 -3.5335 0.1969, 1.5472 -3.8116 0.1969, -1.3504 -2.0768 1.2795, -1.3504 -2.0768 1.0827, -1.3504 -3.3366 1.0827, -1.3504 -3.3366 1.9882, -1.3504 -2.0768 1.9882, -1.3504 -2.0768 1.7913, -1.3504 -3.3366 0.5906, -1.3504 -4.0846 0.5906, -1.3504 -4.0846 2.6299, -1.3504 -1.0138 1.7913, -1.3504 -1.0138 1.2795, -1.3504 -3.3366 2.6299, 0.8346 -0.187 0.2362, 0.8346 -0.187 0.5118, 1.5472 -0.187 0.2362, 1.8898 -0.187 0.5118, 1.5472 -0.187 0.0, 1.8898 -0.187 0.0, -1.8898 -0.187 0.0, -1.8898 -0.187 0.5118, -0.8346 -0.187 0.2362, -0.8346 -0.187 0.5118, 1.8898 -3.3366 0.3215, 1.8898 -2.0768 1.9882, 1.8898 -2.0768 1.7913, 1.8898 -1.0138 1.7913, 1.8898 -3.3366 2.6299, 1.8898 -3.3366 1.9882, 1.8898 -1.0138 1.2795, 1.8898 -2.0768 1.2795, 1.8898 -2.0768 1.0827, 1.8898 -0.187 2.1654, -1.8898 -3.3366 0.5906, -1.8898 -3.3366 1.0827, 0.4646 -0.7146 0.8071, 0.4646 -1.5846 0.8071, 0.7165 -0.7146 0.8071, 0.7165 -1.5846 0.8071, 0.7165 -0.7146 1.0591, 0.7165 -1.5846 1.0591, 0.4646 -0.7146 1.0591, 0.4646 -1.5846 1.0591, 0.0748 -1.5846 0.4173, 0.8307 -1.5846 0.4173, 1.1063 -1.5846 0.6929, 1.1063 -1.5846 1.4488, 0.0748 -1.5846 1.4488, 0.8307 -4.0846 0.4173, 0.0748 -4.0846 0.4173, 1.1063 -4.0846 0.6929, 1.1063 -4.0846 1.4488, 0.0748 -4.0846 1.4488, 0.4646 -0.7146 1.9882, 0.4646 -1.5846 1.9882, 0.7165 -0.7146 1.9882, 0.7165 -1.5846 1.9882, 0.7165 -0.3051 0.5118, 0.7165 -0.3051 0.2362, 0.7165 -0.3051 2.8346, 0.7165 -0.7146 2.8346, 0.7165 -0.7146 2.2402, 0.7165 -1.5846 2.2402, 0.7165 -0.7146 0.2362, 0.4646 -0.7146 2.2402, 0.4646 -1.5846 2.2402, 0.4646 -0.3051 2.8346, 0.4646 -0.7146 2.8346, 0.4646 -0.3051 0.2362, 0.4646 -0.7146 0.2362, 0.0748 -1.5846 1.5984, 0.8307 -1.5846 1.5984, 1.1063 -1.5846 1.874, 1.1063 -1.5846 2.6299, 0.0748 -1.5846 2.6299, 0.8307 -4.0846 1.5984, 0.0748 -4.0846 1.5984, 1.1063 -4.0846 1.874, 1.1063 -4.0846 2.6299, 0.0748 -4.0846 2.6299, -1.1063 -4.0846 1.5984, -1.1063 -4.0846 1.4488, -0.3504 -4.0846 1.5984, -0.0748 -4.0846 1.4488, -0.0748 -4.0846 0.6929, -0.3504 -4.0846 0.4173, -1.1063 -4.0846 0.4173, -1.1063 -4.0846 2.6299, -0.0748 -4.0846 1.874, -0.0748 -4.0846 2.6299, 1.3504 -0.187 2.8346, 1.5472 -0.187 2.1654, 0.8346 -0.187 2.8346, -1.1063 -1.5846 1.5984, -1.1063 -1.5846 2.6299, -0.0748 -1.5846 2.6299, -0.0748 -1.5846 1.874, -0.3504 -1.5846 1.5984, -0.4646 -1.5846 1.9882, -0.4646 -1.5846 2.2402, -0.7165 -1.5846 2.2402, -0.7165 -1.5846 1.9882, -0.7165 -0.502 2.5591, -0.7165 -0.3051 2.5591, -0.7165 -0.3051 2.8346, -0.7165 -0.7146 2.2402, -0.7165 -0.7146 1.9882, -0.7165 -0.7146 2.8346, -0.7165 -0.502 0.5118, -0.7165 -0.7146 1.0591, -0.7165 -0.3051 0.2362, -0.7165 -0.3051 0.5118, -0.7165 -0.7146 0.2362, -0.7165 -0.7146 0.8071, -0.7165 -1.5846 0.8071, -0.7165 -1.5846 1.0591, -0.4646 -0.7146 2.2402, -0.4646 -0.3051 0.2362, -0.4646 -0.7146 0.2362, -0.4646 -1.5846 0.8071, -0.4646 -1.5846 1.0591, -0.4646 -0.7146 0.8071, -0.4646 -0.7146 1.0591, -0.4646 -0.7146 1.9882, -0.4646 -0.3051 2.8346, -0.4646 -0.7146 2.8346, -1.1063 -1.5846 0.4173, -1.1063 -1.5846 1.4488, -0.0748 -1.5846 1.4488, -0.0748 -1.5846 0.6929, -0.3504 -1.5846 0.4173, -0.2756 -3.275 3.3858, -0.2756 -2.8681 3.3858, 0.2756 -3.275 3.3858, 0.2756 -2.8681 3.3858, -0.4724 -3.5335 0.0, 0.4724 -3.5335 0.0, 0.0787 -3.5335 0.0, 0.0787 -2.6831 0.0, 0.0787 -2.1989 -1.2598, 0.0787 -2.3798 -1.2598, 0.0787 -1.8957 -0.8268, 0.0787 -2.6831 -0.8268, 0.307 -2.6831 0.0, 0.3858 -2.586 0.0, 0.4407 -2.4737 0.0, 0.4689 -2.3519 0.0, -1.8898 -0.502 2.1654, -1.8898 -0.502 0.5118, -1.8898 -1.0138 1.7913, -1.8898 -2.0768 1.7913, -1.8898 -2.0768 1.9882, -1.8898 -2.0768 1.0827, -1.8898 -3.3366 0.3215, -1.8898 -3.3366 2.6299, -1.8898 -3.3366 1.9882, -1.8898 -1.0138 1.2795, -1.8898 -2.0768 1.2795, -1.5472 -0.502 2.1654, -1.5472 -0.502 2.5591, -1.3504 -1.0138 2.8346, 1.3504 -1.0138 2.8346, -0.3619 -2.4841 -1.111, -0.4222 -2.583 -0.9697, -0.3619 -2.0947 -1.111, -0.4222 -1.9958 -0.9697, 0.307 -1.8957 -0.7087, 0.3858 -1.9927 -0.7087, 0.4407 -2.1051 -0.7087, 0.4689 -2.2269 -0.7087, 0.4689 -2.3519 -0.7087, 0.4407 -2.4737 -0.7087, 0.3858 -2.586 -0.7087, 0.307 -2.6831 -0.7087, 0.4766 -1.8957 -0.8268, 0.4766 -1.8957 -0.7087, 0.5439 -2.0142 -0.8268, 0.5452 -2.0173 -0.7087, 0.5449 -2.0174 -0.8268, 0.5873 -2.1488 -0.8268, 0.5876 -2.1504 -0.7087, 0.5875 -2.1504 -0.8268, 0.602 -2.2894 -0.7087, 0.602 -2.2894 -0.8268, 0.5876 -2.4283 -0.7087, 0.5875 -2.4283 -0.8268, 0.5873 -2.43 -0.8268, 0.5452 -2.5614 -0.7087, 0.5449 -2.5613 -0.8268, 0.5439 -2.5645 -0.8268, 0.4766 -2.6831 -0.7087, 0.4766 -2.6831 -0.8268, 0.2877 -2.1989 -1.2598, 0.2906 -2.2114 -1.2598, 0.2987 -2.2894 -1.2598, 0.2906 -2.3673 -1.2598, 0.2877 -2.3798 -1.2598, 0.4222 -2.583 -0.9697, 0.3619 -2.4841 -1.111, 0.4222 -1.9958 -0.9697, 0.3619 -2.0947 -1.111
            ]
        }
        coordIndex [
            0,1,2,-1,3,4,5,-1,6,7,8,-1,9,10,11,-1,12,13,14,-1,13,12,15,-1,16,17,18,-1,19,20,21,-1,22,23,24,-1,25,26,27,-1,28,29,30,-1,30,29,31,-1,30,31,32,-1,32,31,33,-1,32,33,34,-1,34,33,35,-1,34,35,36,-1,36,35,37,-1,36,37,38,-1,39,40,41,-1,41,40,42,-1,43,44,45,-1,45,44,46,-1,42,45,41,-1,41,45,46,-1,41,46,47,-1,47,46,48,-1,47,48,49,-1,50,51,52,-1,52,51,53,-1,52,53,30,-1,30,54,55,-1,53,56,30,-1,30,56,57,-1,30,57,54,-1,58,59,60,-1,58,60,61,-1,62,63,64,-1,64,63,65,-1,64,65,66,-1,66,65,67,-1,66,67,55,-1,55,67,68,-1,55,68,30,-1,57,69,54,-1,54,69,70,-1,54,70,60,-1,60,70,71,-1,60,71,61,-1,72,73,74,-1,74,73,75,-1,74,75,76,-1,76,77,74,-1,74,77,63,-1,74,63,78,-1,78,63,62,-1,78,62,79,-1,79,62,80,-1,59,81,60,-1,60,81,82,-1,60,82,74,-1,74,82,83,-1,74,83,72,-1,84,85,86,-1,86,85,87,-1,86,87,88,-1,89,90,91,-1,88,92,93,-1,90,94,91,-1,91,94,95,-1,91,95,96,-1,97,98,88,-1,88,98,99,-1,88,99,100,-1,100,101,88,-1,88,101,102,-1,88,102,92,-1,103,104,105,-1,105,104,106,-1,105,106,107,-1,103,108,104,-1,104,108,109,-1,104,109,110,-1,110,109,111,-1,110,111,112,-1,107,113,105,-1,105,113,114,-1,105,114,88,-1,88,114,115,-1,88,115,97,-1,116,117,118,-1,118,117,119,-1,118,119,84,-1,27,120,121,-1,121,122,27,-1,27,122,123,-1,27,123,25,-1,124,125,27,-1,27,125,126,-1,27,126,120,-1,127,128,129,-1,129,128,130,-1,129,130,124,-1,124,130,131,-1,124,131,125,-1,132,133,134,-1,134,133,135,-1,134,135,136,-1,136,137,134,-1,134,137,138,-1,134,138,139,-1,140,141,132,-1,132,141,142,-1,132,142,133,-1,143,144,145,-1,146,147,148,-1,148,147,149,-1,148,149,150,-1,150,149,143,-1,150,143,151,-1,151,143,145,-1,152,153,18,-1,18,153,154,-1,155,153,156,-1,156,153,152,-1,156,152,157,-1,158,159,160,-1,161,18,162,-1,162,18,160,-1,161,163,18,-1,18,163,164,-1,18,164,165,-1,165,166,18,-1,18,166,167,-1,18,167,152,-1,152,167,168,-1,152,168,157,-1,169,170,171,-1,171,170,172,-1,171,172,158,-1,158,172,173,-1,158,173,159,-1,174,175,176,-1,174,176,23,-1,175,177,176,-1,176,177,178,-1,176,178,171,-1,171,178,179,-1,171,179,169,-1,180,181,182,-1,182,181,183,-1,184,28,185,-1,185,28,30,-1,185,30,186,-1,186,30,68,-1,186,68,38,-1,38,68,182,-1,38,182,36,-1,36,182,183,-1,19,21,187,-1,188,189,190,-1,190,189,191,-1,190,191,192,-1,193,194,195,-1,195,194,196,-1,195,196,191,-1,191,196,197,-1,191,197,192,-1,198,199,200,-1,200,199,201,-1,202,203,204,-1,204,203,205,-1,204,205,206,-1,206,205,207,-1,206,207,208,-1,208,209,206,-1,206,209,124,-1,206,124,210,-1,210,124,27,-1,210,27,116,-1,116,27,26,-1,116,26,117,-1,84,86,118,-1,118,86,211,-1,118,211,212,-1,213,214,212,-1,183,215,36,-1,36,215,216,-1,36,216,34,-1,34,216,217,-1,34,217,218,-1,219,220,221,-1,221,220,222,-1,223,224,225,-1,225,224,226,-1,225,226,227,-1,227,226,228,-1,227,228,229,-1,229,228,219,-1,229,219,195,-1,195,219,221,-1,195,221,193,-1,193,221,230,-1,231,232,14,-1,233,234,223,-1,223,234,235,-1,223,235,224,-1,236,237,238,-1,239,240,238,-1,241,242,18,-1,242,243,18,-1,18,243,244,-1,18,244,245,-1,240,241,238,-1,238,241,18,-1,238,18,236,-1,236,18,154,-1,236,154,147,-1,147,154,246,-1,147,246,149,-1,247,248,249,-1,249,248,250,-1,249,250,236,-1,236,250,251,-1,236,251,237,-1,245,252,18,-1,18,252,253,-1,18,253,16,-1,254,255,256,-1,256,255,257,-1,256,257,258,-1,256,259,254,-1,254,259,260,-1,254,260,261,-1,261,262,254,-1,254,262,263,-1,254,263,264,-1,264,263,265,-1,264,265,266,-1,266,265,267,-1,266,267,238,-1,238,267,268,-1,238,268,239,-1,269,270,258,-1,258,270,271,-1,258,271,256,-1,272,273,140,-1,274,275,276,-1,276,275,277,-1,278,279,277,-1,272,140,280,-1,273,281,140,-1,140,281,282,-1,140,282,249,-1,249,282,283,-1,249,283,247,-1,284,285,286,-1,286,285,287,-1,286,287,277,-1,277,287,288,-1,277,288,278,-1,289,290,284,-1,284,290,291,-1,284,291,285,-1,289,292,290,-1,290,292,293,-1,290,293,294,-1,294,293,295,-1,294,296,297,-1,295,298,294,-1,294,298,299,-1,294,299,300,-1,300,301,294,-1,294,301,302,-1,294,302,296,-1,297,303,294,-1,294,303,304,-1,294,304,305,-1,160,18,158,-1,158,18,17,-1,158,17,14,-1,14,17,306,-1,14,306,12,-1,307,308,132,-1,132,308,309,-1,310,311,312,-1,313,314,140,-1,140,314,315,-1,316,317,318,-1,318,317,319,-1,319,320,318,-1,318,320,321,-1,318,321,322,-1,323,324,307,-1,307,324,325,-1,307,325,326,-1,326,325,327,-1,328,329,327,-1,327,329,330,-1,327,330,326,-1,312,331,310,-1,310,331,332,-1,310,332,333,-1,309,334,132,-1,132,334,335,-1,132,335,140,-1,140,335,336,-1,140,336,313,-1,315,337,140,-1,140,337,338,-1,140,338,339,-1,340,341,327,-1,327,341,342,-1,327,342,343,-1,333,344,310,-1,310,344,345,-1,310,345,132,-1,132,345,346,-1,132,346,307,-1,307,346,347,-1,307,347,323,-1,279,280,277,-1,277,280,140,-1,277,140,276,-1,276,140,339,-1,276,339,348,-1,343,349,327,-1,327,349,350,-1,327,350,328,-1,348,318,276,-1,276,318,322,-1,276,322,351,-1,351,322,352,-1,351,352,353,-1,353,352,354,-1,354,355,353,-1,353,355,356,-1,353,356,310,-1,310,356,357,-1,310,357,311,-1,208,358,209,-1,209,358,359,-1,209,359,360,-1,360,361,209,-1,209,361,362,-1,209,362,363,-1,202,204,364,-1,364,204,200,-1,364,200,365,-1,365,200,201,-1,365,201,366,-1,8,7,201,-1,201,7,367,-1,201,367,368,-1,201,369,366,-1,366,369,370,-1,366,370,371,-1,371,370,372,-1,371,372,373,-1,368,374,201,-1,201,374,375,-1,201,375,369,-1,376,377,8,-1,8,377,378,-1,8,378,6,-1,379,380,381,-1,381,380,382,-1,382,383,381,-1,381,383,384,-1,381,384,376,-1,376,384,385,-1,376,385,377,-1,188,190,381,-1,381,190,386,-1,381,386,387,-1,388,379,389,-1,389,379,381,-1,389,381,390,-1,390,381,387,-1,391,392,222,-1,222,392,393,-1,222,393,394,-1,394,395,222,-1,222,395,396,-1,222,396,221,-1,221,396,397,-1,221,397,230,-1,398,399,392,-1,400,401,393,-1,393,401,402,-1,393,402,403,-1,404,405,406,-1,406,405,407,-1,398,392,408,-1,409,410,411,-1,411,410,412,-1,411,412,392,-1,392,412,413,-1,392,413,408,-1,399,414,392,-1,392,414,415,-1,392,415,393,-1,393,415,416,-1,393,416,400,-1,417,418,419,-1,419,418,420,-1,419,420,406,-1,406,420,421,-1,406,421,404,-1,407,422,406,-1,406,422,423,-1,406,423,424,-1,403,425,393,-1,393,425,426,-1,393,426,427,-1,427,426,417,-1,427,417,428,-1,428,417,419,-1,406,429,430,-1,424,431,406,-1,406,431,432,-1,406,432,433,-1,433,434,406,-1,406,434,435,-1,406,435,429,-1,436,437,438,-1,438,437,439,-1,430,440,406,-1,406,440,441,-1,406,441,442,-1,442,441,443,-1,442,443,444,-1,442,445,446,-1,444,447,442,-1,442,447,448,-1,442,448,445,-1,446,449,442,-1,442,449,450,-1,442,450,439,-1,436,451,437,-1,437,451,452,-1,437,452,453,-1,454,455,438,-1,438,455,456,-1,438,456,436,-1,436,456,457,-1,436,457,451,-1,454,438,458,-1,458,438,459,-1,458,459,460,-1,460,459,461,-1,460,461,462,-1,463,464,465,-1,465,464,460,-1,465,460,466,-1,466,460,462,-1,467,468,463,-1,463,468,469,-1,463,469,464,-1,467,470,468,-1,468,470,471,-1,468,471,472,-1,473,474,438,-1,438,474,475,-1,438,475,459,-1,459,475,476,-1,476,477,459,-1,459,477,478,-1,459,478,479,-1,480,481,479,-1,479,481,482,-1,479,482,459,-1,483,484,438,-1,485,486,438,-1,438,486,487,-1,483,438,488,-1,487,489,438,-1,438,489,490,-1,438,490,473,-1,450,491,439,-1,439,491,492,-1,439,492,438,-1,438,492,493,-1,438,493,488,-1,484,494,438,-1,438,494,495,-1,438,495,485,-1,10,496,11,-1,11,496,497,-1,11,497,411,-1,411,497,498,-1,411,498,409,-1,499,500,32,-1,501,502,34,-1,503,504,505,-1,505,504,32,-1,505,32,506,-1,506,32,500,-1,501,34,507,-1,502,508,34,-1,34,508,509,-1,34,509,32,-1,32,509,510,-1,32,510,499,-1,511,512,218,-1,218,512,513,-1,218,513,34,-1,34,513,514,-1,34,514,507,-1,217,515,218,-1,218,515,516,-1,218,516,511,-1,503,517,504,-1,504,517,518,-1,504,518,519,-1,519,518,520,-1,519,520,516,-1,516,520,521,-1,516,521,511,-1,522,523,63,-1,63,523,524,-1,525,526,52,-1,52,526,527,-1,52,527,528,-1,77,50,63,-1,63,50,52,-1,63,52,522,-1,522,52,528,-1,522,528,5,-1,5,528,529,-1,5,529,3,-1,530,526,531,-1,531,526,525,-1,531,525,532,-1,532,525,533,-1,534,535,146,-1,146,535,536,-1,523,537,524,-1,524,537,534,-1,524,534,24,-1,24,534,146,-1,24,146,22,-1,22,146,148,-1,538,539,540,-1,540,539,541,-1,515,214,516,-1,516,214,213,-1,516,213,542,-1,542,213,543,-1,541,539,544,-1,544,539,545,-1,544,545,546,-1,546,545,547,-1,546,547,2,-1,2,547,548,-1,2,548,0,-1,542,547,516,-1,516,547,545,-1,516,545,519,-1,519,545,549,-1,519,549,550,-1,550,549,551,-1,550,551,552,-1,552,551,553,-1,212,211,213,-1,213,211,554,-1,213,554,543,-1,555,556,557,-1,129,558,11,-1,11,558,209,-1,11,209,9,-1,9,209,363,-1,558,559,209,-1,209,559,555,-1,209,555,124,-1,124,555,557,-1,124,557,129,-1,129,557,560,-1,129,560,558,-1,561,39,562,-1,562,39,41,-1,562,41,563,-1,563,41,129,-1,563,129,564,-1,564,129,11,-1,564,11,565,-1,565,11,411,-1,565,411,49,-1,49,411,392,-1,49,392,47,-1,47,392,391,-1,391,353,47,-1,47,353,310,-1,47,310,41,-1,41,310,132,-1,41,132,129,-1,129,132,134,-1,129,134,127,-1,127,134,139,-1,93,89,88,-1,88,89,91,-1,88,91,86,-1,86,91,552,-1,86,552,211,-1,211,552,553,-1,211,553,554,-1,220,566,222,-1,222,566,567,-1,222,567,391,-1,391,567,568,-1,391,568,353,-1,353,568,231,-1,353,231,351,-1,351,231,14,-1,351,14,276,-1,276,14,13,-1,276,13,274,-1,274,13,15,-1,533,525,569,-1,569,525,52,-1,569,52,570,-1,570,52,30,-1,570,30,571,-1,571,30,32,-1,571,32,536,-1,536,32,504,-1,536,504,146,-1,146,504,519,-1,146,519,147,-1,147,519,550,-1,147,550,236,-1,236,550,552,-1,236,552,249,-1,249,552,91,-1,249,91,140,-1,140,91,96,-1,140,96,141,-1,187,21,572,-1,572,21,573,-1,572,573,574,-1,574,573,176,-1,574,176,575,-1,575,176,171,-1,575,171,576,-1,576,171,158,-1,576,158,577,-1,577,158,14,-1,577,14,233,-1,233,14,232,-1,233,232,234,-1,23,176,24,-1,24,176,573,-1,24,573,524,-1,524,573,21,-1,524,21,63,-1,63,21,20,-1,63,20,65,-1,578,579,580,-1,580,579,581,-1,582,583,584,-1,584,585,586,-1,587,588,589,-1,589,590,591,-1,591,582,589,-1,589,582,584,-1,589,584,587,-1,587,584,586,-1,587,586,592,-1,592,586,593,-1,594,595,592,-1,592,595,587,-1,596,597,598,-1,598,599,600,-1,600,599,578,-1,601,602,603,-1,603,596,601,-1,601,596,598,-1,601,598,604,-1,604,598,600,-1,604,600,605,-1,605,600,606,-1,607,608,597,-1,597,608,609,-1,597,609,598,-1,610,611,597,-1,597,611,607,-1,612,605,613,-1,613,605,606,-1,613,606,614,-1,615,616,606,-1,606,616,617,-1,606,617,614,-1,601,618,619,-1,619,618,620,-1,602,601,621,-1,621,601,619,-1,621,619,622,-1,622,619,623,-1,622,623,624,-1,624,623,625,-1,626,627,628,-1,626,628,629,-1,629,628,630,-1,629,630,631,-1,631,630,632,-1,631,632,633,-1,633,632,634,-1,633,634,635,-1,634,636,635,-1,635,636,637,-1,635,637,638,-1,638,637,639,-1,638,639,640,-1,640,639,641,-1,640,641,642,-1,643,644,645,-1,645,644,646,-1,645,646,647,-1,647,646,648,-1,648,646,649,-1,648,649,650,-1,650,649,651,-1,650,651,652,-1,652,651,653,-1,652,653,654,-1,654,653,655,-1,655,653,656,-1,655,656,657,-1,657,656,658,-1,658,656,659,-1,658,659,660,-1,661,662,625,-1,625,662,663,-1,625,663,624,-1,624,663,664,-1,624,664,665,-1,635,638,656,-1,656,638,659,-1,659,638,640,-1,659,640,642,-1,656,653,635,-1,635,653,651,-1,635,651,633,-1,633,651,649,-1,633,649,631,-1,631,649,646,-1,631,646,629,-1,629,646,644,-1,629,644,626,-1,602,621,603,-1,603,621,641,-1,603,641,639,-1,639,637,603,-1,603,637,636,-1,603,636,634,-1,666,667,668,-1,668,667,669,-1,668,669,670,-1,670,669,671,-1,672,670,673,-1,673,670,671,-1,673,671,674,-1,675,676,677,-1,677,676,678,-1,679,680,681,-1,681,680,682,-1,683,684,685,-1,685,684,199,-1,686,687,688,-1,688,687,685,-1,688,685,198,-1,198,685,199,-1,689,690,691,-1,691,690,692,-1,690,689,693,-1,693,678,690,-1,690,678,676,-1,690,676,694,-1,695,691,692,-1,681,695,679,-1,679,695,692,-1,679,692,696,-1,597,596,697,-1,697,596,698,-1,618,699,698,-1,698,699,700,-1,698,700,697,-1,601,604,618,-1,618,604,701,-1,618,701,699,-1,699,701,702,-1,699,702,703,-1,703,702,600,-1,703,600,578,-1,704,705,706,-1,707,708,709,-1,710,711,706,-1,706,711,712,-1,709,713,714,-1,714,704,709,-1,709,704,706,-1,709,706,707,-1,707,706,712,-1,707,712,715,-1,716,717,718,-1,718,717,719,-1,718,719,720,-1,720,719,721,-1,608,722,609,-1,609,722,723,-1,609,723,724,-1,724,723,725,-1,594,726,580,-1,727,728,729,-1,730,731,727,-1,732,733,734,-1,721,719,581,-1,581,719,667,-1,581,667,580,-1,580,667,666,-1,666,735,180,-1,594,580,595,-1,67,727,68,-1,68,727,182,-1,19,730,20,-1,20,730,727,-1,20,727,65,-1,65,727,67,-1,182,727,180,-1,180,727,729,-1,180,729,666,-1,666,729,732,-1,666,732,580,-1,580,732,734,-1,580,734,595,-1,584,731,585,-1,585,731,730,-1,710,706,736,-1,736,706,737,-1,738,739,740,-1,740,739,741,-1,742,743,744,-1,744,743,745,-1,746,747,741,-1,741,747,748,-1,741,748,743,-1,743,748,749,-1,743,749,745,-1,745,749,750,-1,745,750,739,-1,739,750,746,-1,739,746,741,-1,747,746,751,-1,751,746,752,-1,753,754,748,-1,748,754,749,-1,750,749,755,-1,755,749,754,-1,746,750,752,-1,752,750,755,-1,756,757,758,-1,758,757,759,-1,740,741,743,-1,669,760,761,-1,762,674,763,-1,763,674,671,-1,763,671,764,-1,669,742,758,-1,759,765,758,-1,758,765,764,-1,758,764,669,-1,669,764,671,-1,743,742,740,-1,740,742,669,-1,740,669,766,-1,766,669,761,-1,764,765,767,-1,767,765,768,-1,767,768,757,-1,691,695,769,-1,691,756,689,-1,689,756,744,-1,757,756,767,-1,767,756,691,-1,767,691,770,-1,770,691,769,-1,771,693,772,-1,772,693,689,-1,772,689,738,-1,738,689,744,-1,738,744,739,-1,739,744,745,-1,773,774,759,-1,759,774,775,-1,759,775,765,-1,765,775,776,-1,765,776,768,-1,768,776,777,-1,768,777,757,-1,757,777,773,-1,757,773,759,-1,774,773,778,-1,778,773,779,-1,780,781,775,-1,775,781,776,-1,777,776,782,-1,782,776,781,-1,773,777,779,-1,779,777,782,-1,752,700,699,-1,783,784,785,-1,785,784,786,-1,752,755,786,-1,786,787,752,-1,752,787,788,-1,752,788,700,-1,700,788,789,-1,700,789,711,-1,790,712,783,-1,783,712,711,-1,783,711,784,-1,784,711,789,-1,229,195,790,-1,790,195,191,-1,790,191,712,-1,574,782,572,-1,572,782,781,-1,572,781,187,-1,586,754,593,-1,593,754,753,-1,593,753,699,-1,699,753,751,-1,699,751,752,-1,791,779,792,-1,792,779,782,-1,187,781,586,-1,586,781,780,-1,586,780,754,-1,754,780,778,-1,754,778,755,-1,755,778,779,-1,755,779,786,-1,786,779,791,-1,786,791,785,-1,574,575,782,-1,782,575,576,-1,782,576,577,-1,577,233,782,-1,782,233,223,-1,782,223,225,-1,790,792,229,-1,229,792,782,-1,229,782,227,-1,227,782,225,-1,793,181,180,-1,735,794,672,-1,673,795,672,-1,672,795,793,-1,672,793,735,-1,735,793,180,-1,796,797,783,-1,783,797,790,-1,797,798,790,-1,790,798,792,-1,791,792,799,-1,799,792,798,-1,800,796,785,-1,785,796,783,-1,796,800,801,-1,801,800,799,-1,801,799,802,-1,802,799,798,-1,802,798,803,-1,803,798,797,-1,803,797,804,-1,804,797,796,-1,804,796,801,-1,805,806,807,-1,803,804,808,-1,808,804,809,-1,807,810,805,-1,805,810,808,-1,805,808,811,-1,811,808,809,-1,811,809,812,-1,813,814,815,-1,815,814,811,-1,815,811,816,-1,816,811,812,-1,816,812,817,-1,817,812,818,-1,819,802,808,-1,808,802,803,-1,694,820,690,-1,690,820,821,-1,822,823,824,-1,824,823,825,-1,821,824,690,-1,690,824,825,-1,690,825,692,-1,692,825,826,-1,827,696,828,-1,828,696,692,-1,828,692,819,-1,819,692,826,-1,819,826,802,-1,802,826,801,-1,809,804,826,-1,826,804,801,-1,829,830,789,-1,789,830,784,-1,830,831,784,-1,784,831,786,-1,787,786,832,-1,832,786,831,-1,833,829,788,-1,788,829,789,-1,829,833,822,-1,822,833,832,-1,822,832,823,-1,823,832,831,-1,823,831,818,-1,818,831,830,-1,818,830,817,-1,817,830,829,-1,817,829,822,-1,825,823,812,-1,812,823,818,-1,816,817,824,-1,824,817,822,-1,751,753,747,-1,747,753,748,-1,788,787,833,-1,833,787,832,-1,778,780,774,-1,774,780,775,-1,785,791,800,-1,800,791,799,-1,834,835,219,-1,219,835,220,-1,234,232,836,-1,836,232,837,-1,835,837,220,-1,220,837,232,-1,836,837,834,-1,834,837,835,-1,234,836,219,-1,219,836,834,-1,838,698,634,-1,634,698,596,-1,634,596,603,-1,838,620,698,-1,698,620,618,-1,630,838,632,-1,632,838,634,-1,619,620,627,-1,627,620,838,-1,627,838,628,-1,628,838,630,-1,606,600,615,-1,615,600,702,-1,615,702,839,-1,840,839,701,-1,701,839,702,-1,841,840,701,-1,604,605,612,-1,842,843,844,-1,844,843,845,-1,844,845,612,-1,612,845,841,-1,612,841,604,-1,604,841,701,-1,840,841,839,-1,839,841,846,-1,839,846,847,-1,847,848,839,-1,839,848,849,-1,839,849,615,-1,610,850,851,-1,723,722,851,-1,851,722,611,-1,851,611,610,-1,852,853,854,-1,737,855,736,-1,736,855,610,-1,736,610,856,-1,199,684,850,-1,189,188,857,-1,857,188,854,-1,857,854,858,-1,188,381,854,-1,854,381,376,-1,854,376,8,-1,8,201,854,-1,854,201,199,-1,854,199,852,-1,852,199,850,-1,852,850,859,-1,859,850,610,-1,859,610,860,-1,860,610,855,-1,857,858,715,-1,715,858,707,-1,708,707,854,-1,854,707,858,-1,706,705,737,-1,737,705,855,-1,705,704,855,-1,855,704,860,-1,704,714,860,-1,860,714,859,-1,714,713,859,-1,859,713,852,-1,713,709,852,-1,852,709,853,-1,709,708,853,-1,853,708,854,-1,584,583,731,-1,731,583,727,-1,583,582,727,-1,727,582,728,-1,582,591,728,-1,728,591,729,-1,591,590,729,-1,729,590,732,-1,590,589,732,-1,732,589,733,-1,589,588,733,-1,733,588,734,-1,588,587,734,-1,734,587,595,-1,857,712,189,-1,189,712,191,-1,857,715,712,-1,586,730,187,-1,187,730,19,-1,586,585,730,-1,721,581,720,-1,720,581,579,-1,599,718,578,-1,578,718,720,-1,578,720,579,-1,611,722,607,-1,607,722,608,-1,794,735,668,-1,668,735,666,-1,861,850,683,-1,683,850,684,-1,862,805,861,-1,861,805,811,-1,861,811,850,-1,850,811,851,-1,760,669,717,-1,717,669,667,-1,717,667,719,-1,725,723,814,-1,814,723,851,-1,814,851,811,-1,672,794,670,-1,670,794,668,-1,862,861,685,-1,685,861,683,-1,685,687,862,-1,862,687,806,-1,862,806,805,-1,863,688,200,-1,200,688,198,-1,793,864,181,-1,181,864,183,-1,864,863,183,-1,183,863,200,-1,864,793,795,-1,863,864,828,-1,769,828,770,-1,770,828,864,-1,770,864,763,-1,763,864,795,-1,763,795,762,-1,686,688,807,-1,807,688,863,-1,807,863,810,-1,810,863,828,-1,769,682,828,-1,828,682,680,-1,828,680,827,-1,772,766,599,-1,598,609,724,-1,724,813,598,-1,598,813,815,-1,598,815,821,-1,766,761,599,-1,599,761,716,-1,599,716,718,-1,821,820,675,-1,599,598,772,-1,772,598,821,-1,772,821,771,-1,771,821,675,-1,771,675,677,-1,815,816,821,-1,821,816,824,-1,820,694,675,-1,675,694,676,-1,724,725,813,-1,813,725,814,-1,828,819,810,-1,810,819,808,-1,680,679,827,-1,827,679,696,-1,807,806,686,-1,686,806,687,-1,812,809,825,-1,825,809,826,-1,772,738,766,-1,766,738,740,-1,761,760,716,-1,716,760,717,-1,677,678,771,-1,771,678,693,-1,763,764,770,-1,770,764,767,-1,795,673,762,-1,762,673,674,-1,769,695,682,-1,682,695,681,-1,758,742,756,-1,756,742,744,-1,641,621,642,-1,642,621,622,-1,642,622,659,-1,659,622,660,-1,644,643,626,-1,626,643,623,-1,626,623,627,-1,627,623,619,-1,661,625,865,-1,865,625,623,-1,865,623,866,-1,866,623,643,-1,867,665,664,-1,867,658,868,-1,868,658,660,-1,643,645,866,-1,866,645,865,-1,645,647,865,-1,865,647,648,-1,865,648,661,-1,650,663,648,-1,648,663,662,-1,648,662,661,-1,650,652,663,-1,663,652,654,-1,663,654,664,-1,664,654,655,-1,664,655,867,-1,867,655,657,-1,867,657,658,-1,868,660,622,-1,868,622,867,-1,867,622,624,-1,867,624,665,-1,869,613,614,-1,869,614,870,-1,870,614,617,-1,870,617,871,-1,871,617,616,-1,871,616,872,-1,872,616,615,-1,872,615,873,-1,615,849,873,-1,873,849,848,-1,873,848,874,-1,874,848,847,-1,874,847,875,-1,875,847,846,-1,875,846,876,-1,877,878,879,-1,879,878,880,-1,879,880,881,-1,881,880,882,-1,882,880,883,-1,882,883,884,-1,884,883,885,-1,884,885,886,-1,886,885,887,-1,886,887,888,-1,888,887,889,-1,889,887,890,-1,889,890,891,-1,891,890,892,-1,892,890,893,-1,892,893,894,-1,895,896,842,-1,842,896,897,-1,842,897,843,-1,843,897,898,-1,843,898,899,-1,875,876,893,-1,872,883,871,-1,871,883,880,-1,871,880,870,-1,870,880,878,-1,870,878,869,-1,875,893,874,-1,874,893,890,-1,874,890,873,-1,873,890,887,-1,873,887,872,-1,872,887,885,-1,872,885,883,-1,878,877,869,-1,869,877,844,-1,869,844,613,-1,613,844,612,-1,846,841,876,-1,876,841,845,-1,876,845,893,-1,893,845,894,-1,900,894,845,-1,900,845,901,-1,901,845,843,-1,901,843,899,-1,877,879,902,-1,902,879,903,-1,879,881,903,-1,903,881,882,-1,903,882,895,-1,901,899,898,-1,901,892,900,-1,900,892,894,-1,884,897,882,-1,882,897,896,-1,882,896,895,-1,884,886,897,-1,897,886,888,-1,897,888,898,-1,898,888,889,-1,898,889,901,-1,901,889,891,-1,901,891,892,-1,895,842,903,-1,903,842,844,-1,903,844,902,-1,902,844,877,-1,700,711,697,-1,697,711,736,-1,697,736,856,-1,710,736,711,-1,610,597,856,-1,856,597,697,-1,726,594,703,-1,703,594,593,-1,703,593,699,-1,593,594,592,-1,578,580,703,-1,703,580,726,-1,
        ]
    }
}
Shape{
    appearance Appearance {
        material  Material 	{
            diffuseColor 1.0 1.0 1.0
            specularColor 0.5019607843137255 0.5019607843137255 0.5019607843137255
            ambientIntensity 1.0
            transparency 0.0
            shininess 0.5
        }
    }
    geometry IndexedFaceSet {
        ccw TRUE
        solid FALSE
        coord DEF co Coordinate {
            point [
                0.7514 -2.0661 2.878, 0.7424 -2.0774 2.878, 0.7591 -2.0916 2.878, 0.739 -2.0804 2.878, 0.7404 -2.105 2.878, 0.727 -2.0883 2.878, 0.7198 -2.1131 2.878, 0.7115 -2.0938 2.878, 0.6885 -2.117 2.878, 0.6884 -2.0963 2.878, 0.6386 -2.117 2.878, 0.662 -2.0963 2.878, 0.6386 -1.9354 2.878, 0.662 -1.9563 2.878, 0.6904 -1.9354 2.878, 0.6895 -1.9563 2.878, 0.7181 -1.9385 2.878, 0.7129 -1.9589 2.878, 0.74 -1.9465 2.878, 0.7286 -1.9646 2.878, 0.7591 -1.9595 2.878, 0.7419 -1.9734 2.878, 0.7653 -1.9655 2.878, 0.7478 -1.9794 2.878, 0.7766 -1.9813 2.878, 0.7547 -1.9899 2.878, 0.7833 -1.9986 2.878, 0.7595 -2.0036 2.878, 0.7864 -2.0239 2.878, 0.7618 -2.0245 2.878, 0.7859 -2.0354 2.878, 0.7612 -2.036 2.878, 0.7815 -2.0566 2.878, 0.7577 -2.0527 2.878, 0.7726 -2.0754 2.878, 0.7591 -2.0916 2.874, 0.7726 -2.0754 2.874, 0.7815 -2.0566 2.874, 0.7859 -2.0354 2.874, 0.7864 -2.0239 2.874, 0.7591 -1.9595 2.874, 0.7595 -1.9599 2.874, 0.7653 -1.9655 2.874, 0.7766 -1.9813 2.874, 0.7833 -1.9986 2.874, 0.74 -1.9465 2.874, 0.7181 -1.9385 2.874, 0.6904 -1.9354 2.874, 0.6386 -1.9354 2.874, 0.6386 -2.117 2.874, 0.6386 -1.9599 2.874, 0.6885 -2.117 2.874, 0.7198 -2.1131 2.874, 0.7404 -2.105 2.874, 0.7419 -1.9734 2.874, 0.7478 -1.9794 2.874, 0.7547 -1.9899 2.874, 0.7595 -2.0036 2.874, 0.7618 -2.0245 2.874, 0.6895 -1.9563 2.874, 0.7129 -1.9589 2.874, 0.7286 -1.9646 2.874, 0.662 -1.9563 2.874, 0.662 -2.0963 2.874, 0.6884 -2.0963 2.874, 0.7424 -2.0774 2.874, 0.739 -2.0804 2.874, 0.727 -2.0883 2.874, 0.7115 -2.0938 2.874, 0.7612 -2.036 2.874, 0.7577 -2.0527 2.874, 0.7514 -2.0661 2.874
            ]
        }
        coordIndex [
            0,1,2,-1,2,1,3,-1,2,3,4,-1,4,3,5,-1,4,5,6,-1,6,5,7,-1,6,7,8,-1,8,7,9,-1,8,9,10,-1,10,9,11,-1,10,11,12,-1,12,11,13,-1,12,13,14,-1,14,13,15,-1,14,15,16,-1,16,15,17,-1,16,17,18,-1,18,17,19,-1,18,19,20,-1,20,19,21,-1,20,21,22,-1,22,21,23,-1,22,23,24,-1,24,23,25,-1,24,25,26,-1,26,25,27,-1,26,27,28,-1,28,27,29,-1,28,29,30,-1,30,29,31,-1,30,31,32,-1,32,31,33,-1,32,33,34,-1,34,33,0,-1,34,0,2,-1,2,35,36,-1,2,36,34,-1,34,36,37,-1,34,37,32,-1,32,37,38,-1,32,38,30,-1,30,38,39,-1,30,39,28,-1,40,20,41,-1,41,20,22,-1,41,22,42,-1,42,22,24,-1,42,24,43,-1,43,24,26,-1,43,26,44,-1,44,26,28,-1,44,28,39,-1,20,40,45,-1,20,45,18,-1,18,45,46,-1,18,46,16,-1,16,46,47,-1,16,47,14,-1,12,14,48,-1,48,14,47,-1,49,10,50,-1,50,10,12,-1,50,12,48,-1,8,10,51,-1,51,10,49,-1,8,51,52,-1,8,52,6,-1,6,52,53,-1,6,53,4,-1,4,53,35,-1,4,35,2,-1,21,54,55,-1,21,55,23,-1,23,55,56,-1,23,56,25,-1,25,56,57,-1,25,57,27,-1,27,57,58,-1,27,58,29,-1,15,59,60,-1,15,60,17,-1,17,60,61,-1,17,61,19,-1,19,61,54,-1,19,54,21,-1,15,13,59,-1,59,13,62,-1,13,11,62,-1,62,11,63,-1,11,9,63,-1,63,9,64,-1,1,65,66,-1,1,66,3,-1,3,66,67,-1,3,67,5,-1,5,67,68,-1,5,68,7,-1,7,68,64,-1,7,64,9,-1,29,58,69,-1,29,69,31,-1,31,69,70,-1,31,70,33,-1,33,70,71,-1,33,71,0,-1,0,71,65,-1,0,65,1,-1,
        ]
    }
}
Shape{
    appearance Appearance {
        material  Material 	{
            diffuseColor 0.17647058823529413 0.17647058823529413 0.17647058823529413
            specularColor 0.011764705882352941 0.011764705882352941 0.011764705882352941
            ambientIntensity 0.251
            transparency 0.0
            shininess 0.5
        }
    }
    geometry IndexedFaceSet {
        ccw TRUE
        solid FALSE
        coord DEF co Coordinate {
            point [
                0.662 -1.9563 2.874, 0.662 -2.0963 2.874, 0.6895 -1.9563 2.874, 0.6884 -2.0963 2.874, 0.7115 -2.0938 2.874, 0.727 -2.0883 2.874, 0.739 -2.0804 2.874, 0.7424 -2.0774 2.874, 0.7514 -2.0661 2.874, 0.7577 -2.0527 2.874, 0.7612 -2.036 2.874, 0.7618 -2.0245 2.874, 0.7595 -2.0036 2.874, 0.7547 -1.9899 2.874, 0.7478 -1.9794 2.874, 0.7419 -1.9734 2.874, 0.7129 -1.9589 2.874, 0.7286 -1.9646 2.874
            ]
        }
        coordIndex [
            0,1,2,-1,2,1,3,-1,2,3,4,-1,4,5,2,-1,2,5,6,-1,2,6,7,-1,7,8,2,-1,2,8,9,-1,2,9,10,-1,10,11,2,-1,2,11,12,-1,2,12,13,-1,13,14,2,-1,2,14,15,-1,2,15,16,-1,16,15,17,-1,
        ]
    }
}
Shape{
    appearance Appearance {
        material  Material 	{
            diffuseColor 1.0 1.0 1.0
            specularColor 0.5019607843137255 0.5019607843137255 0.5019607843137255
            ambientIntensity 1.0
            transparency 0.0
            shininess 0.5
        }
    }
    geometry IndexedFaceSet {
        ccw TRUE
        solid FALSE
        coord DEF co Coordinate {
            point [
                0.4231 -2.085 2.878, 0.4231 -2.085 2.874, 0.4214 -2.091 2.874, 0.4214 -2.091 2.878, 0.4204 -2.0955 2.874, 0.4204 -2.0955 2.878, 0.4198 -2.0955 2.878, 0.4198 -2.0955 2.874, 0.417 -2.0848 2.878, 0.417 -2.0848 2.874, 0.3831 -1.9873 2.874, 0.3831 -1.9873 2.878, 0.3941 -2.0189 2.874, 0.3577 -1.9873 2.878, 0.3577 -1.9873 2.874, 0.4085 -2.1167 2.874, 0.4085 -2.1167 2.878, 0.3941 -2.0799 2.874, 0.3985 -2.1403 2.874, 0.3985 -2.1403 2.878, 0.4078 -2.1185 2.874, 0.3941 -2.1484 2.874, 0.3938 -2.1489 2.878, 0.3938 -2.1489 2.874, 0.3895 -2.1535 2.874, 0.3895 -2.1535 2.878, 0.3867 -2.1555 2.874, 0.3867 -2.1555 2.878, 0.3819 -2.1577 2.874, 0.3819 -2.1577 2.878, 0.3767 -2.1585 2.874, 0.3767 -2.1585 2.878, 0.3752 -2.1586 2.874, 0.3752 -2.1586 2.878, 0.3671 -2.1575 2.874, 0.3671 -2.1575 2.878, 0.3623 -2.156 2.874, 0.3623 -2.156 2.878, 0.3623 -2.1762 2.878, 0.3623 -2.1762 2.874, 0.369 -2.1776 2.874, 0.369 -2.1776 2.878, 0.377 -2.1781 2.874, 0.377 -2.1781 2.878, 0.3862 -2.177 2.874, 0.3862 -2.177 2.878, 0.3941 -2.174 2.874, 0.3951 -2.1736 2.878, 0.3951 -2.1736 2.874, 0.4031 -2.1681 2.874, 0.4031 -2.1681 2.878, 0.4048 -2.1665 2.874, 0.4048 -2.1665 2.878, 0.4131 -2.1565 2.874, 0.4131 -2.1565 2.878, 0.4233 -2.1366 2.874, 0.4233 -2.1366 2.878, 0.4821 -1.9873 2.874, 0.4821 -1.9873 2.878, 0.4304 -2.1185 2.874, 0.4586 -1.9873 2.878, 0.4586 -1.9873 2.874, 0.2934 -2.1201 2.878, 0.2934 -2.1201 2.874, 0.3123 -2.118 2.878, 0.3077 -2.1185 2.874, 0.3123 -2.118 2.874, 0.3247 -2.1136 2.874, 0.3247 -2.1136 2.878, 0.3312 -2.1097 2.874, 0.3312 -2.1097 2.878, 0.3379 -2.1038 2.874, 0.3379 -2.1038 2.878, 0.3421 -2.0978 2.874, 0.3421 -2.0978 2.878, 0.3448 -2.0905 2.874, 0.3448 -2.0905 2.878, 0.3458 -2.0817 2.874, 0.3458 -2.0817 2.878, 0.3448 -2.0728 2.874, 0.3448 -2.0728 2.878, 0.3423 -2.0662 2.874, 0.3423 -2.0662 2.878, 0.3382 -2.0603 2.874, 0.3382 -2.0603 2.878, 0.3328 -2.0554 2.874, 0.3328 -2.0554 2.878, 0.3177 -2.047 2.874, 0.3177 -2.047 2.878, 0.3089 -2.0435 2.874, 0.3089 -2.0435 2.878, 0.2948 -2.0373 2.874, 0.2948 -2.0373 2.878, 0.2868 -2.0323 2.874, 0.2868 -2.0323 2.878, 0.2846 -2.0299 2.874, 0.2846 -2.0299 2.878, 0.2829 -2.0268 2.874, 0.2829 -2.0268 2.878, 0.282 -2.0233 2.874, 0.282 -2.0233 2.878, 0.2818 -2.0203 2.874, 0.2818 -2.0203 2.878, 0.2822 -2.0166 2.874, 0.2822 -2.0166 2.878, 0.2833 -2.0136 2.874, 0.2833 -2.0136 2.878, 0.2853 -2.0107 2.874, 0.2853 -2.0107 2.878, 0.2887 -2.0076 2.874, 0.2887 -2.0076 2.878, 0.2938 -2.0049 2.874, 0.2938 -2.0049 2.878, 0.2999 -2.0033 2.874, 0.2999 -2.0033 2.878, 0.3066 -2.0028 2.874, 0.3066 -2.0028 2.878, 0.3226 -2.0048 2.874, 0.3226 -2.0048 2.878, 0.3354 -2.0097 2.874, 0.3354 -2.0097 2.878, 0.3396 -2.0122 2.874, 0.3396 -2.0122 2.878, 0.3396 -1.9901 2.878, 0.3396 -1.9901 2.874, 0.3248 -1.9858 2.874, 0.3248 -1.9858 2.878, 0.3089 -1.9843 2.874, 0.3089 -1.9843 2.878, 0.2729 -1.9946 2.874, 0.2729 -1.9946 2.878, 0.2774 -1.9919 2.874, 0.2784 -1.9913 2.878, 0.2784 -1.9913 2.874, 0.2906 -1.9866 2.878, 0.2906 -1.9866 2.874, 0.266 -2.0009 2.874, 0.266 -2.0009 2.878, 0.2619 -2.0071 2.874, 0.2619 -2.0071 2.878, 0.2592 -2.0144 2.874, 0.2592 -2.0144 2.878, 0.2584 -2.0223 2.874, 0.2584 -2.0223 2.878, 0.2594 -2.0314 2.874, 0.2594 -2.0314 2.878, 0.262 -2.0383 2.874, 0.262 -2.0383 2.878, 0.2648 -2.0428 2.874, 0.2648 -2.0428 2.878, 0.2928 -2.06 2.874, 0.2928 -2.06 2.878, 0.2793 -2.0538 2.878, 0.2685 -2.0467 2.874, 0.2685 -2.0467 2.878, 0.2774 -2.0526 2.874, 0.2793 -2.0538 2.874, 0.3077 -2.0662 2.874, 0.3077 -2.0662 2.878, 0.3166 -2.0716 2.874, 0.3166 -2.0716 2.878, 0.3195 -2.0745 2.874, 0.3195 -2.0745 2.878, 0.3212 -2.0776 2.874, 0.3212 -2.0776 2.878, 0.3222 -2.0811 2.874, 0.3222 -2.0811 2.878, 0.3225 -2.0839 2.874, 0.3225 -2.0839 2.878, 0.322 -2.0883 2.874, 0.322 -2.0883 2.878, 0.3208 -2.0915 2.874, 0.3208 -2.0915 2.878, 0.3189 -2.0945 2.874, 0.3189 -2.0945 2.878, 0.3162 -2.0968 2.874, 0.3162 -2.0968 2.878, 0.3142 -2.098 2.874, 0.3142 -2.098 2.878, 0.3083 -2.1002 2.874, 0.3083 -2.1002 2.878, 0.2966 -2.1015 2.874, 0.2966 -2.1015 2.878, 0.2956 -2.1015 2.874, 0.2956 -2.1015 2.878, 0.2582 -2.089 2.874, 0.2582 -2.089 2.878, 0.2664 -2.0941 2.878, 0.2806 -2.0996 2.874, 0.2806 -2.0996 2.878, 0.2774 -2.0984 2.874, 0.2664 -2.0941 2.874, 0.2582 -2.1124 2.878, 0.2582 -2.1124 2.874, 0.2741 -2.118 2.878, 0.2741 -2.118 2.874, 0.2788 -2.1185 2.874, 0.2774 -2.1184 2.874, 0.1743 -2.056 2.878, 0.2047 -2.0519 2.878, 0.2274 -2.0335 2.878, 0.2047 -2.117 2.878, 0.2274 -2.117 2.878, 0.2047 -2.0969 2.878, 0.2047 -2.0346 2.878, 0.1554 -2.0616 2.878, 0.1608 -2.0591 2.878, 0.2041 -2.0969 2.878, 0.1923 -2.0934 2.878, 0.1988 -2.1045 2.878, 0.186 -2.0978 2.878, 0.2047 -2.0644 2.878, 0.2033 -2.0757 2.878, 0.2 -2.0838 2.878, 0.1949 -2.0908 2.878, 0.1484 -2.0898 2.878, 0.1311 -2.1064 2.878, 0.1509 -2.0936 2.878, 0.1344 -2.1098 2.878, 0.1529 -2.0955 2.878, 0.1414 -2.1148 2.878, 0.1574 -2.0986 2.878, 0.15 -2.1183 2.878, 0.1625 -2.1005 2.878, 0.1606 -2.1199 2.878, 0.1702 -2.1014 2.878, 0.2039 -2.0247 2.878, 0.2256 -2.016 2.878, 0.2016 -2.0165 2.878, 0.222 -2.0058 2.878, 0.1989 -2.0118 2.878, 0.2173 -1.9985 2.878, 0.1955 -2.0081 2.878, 0.2112 -1.9927 2.878, 0.1915 -2.0055 2.878, 0.2037 -1.9884 2.878, 0.1863 -2.0037 2.878, 0.194 -1.9855 2.878, 0.1784 -2.0028 2.878, 0.1805 -1.9843 2.878, 0.1659 -2.004 2.878, 0.1573 -1.9872 2.878, 0.1517 -2.0086 2.878, 0.1404 -1.9938 2.878, 0.1359 -2.0185 2.878, 0.1359 -1.9964 2.878, 0.1643 -2.1201 2.878, 0.1769 -2.1185 2.878, 0.1791 -2.1003 2.878, 0.186 -2.1151 2.878, 0.1914 -2.1116 2.878, 0.1465 -2.0768 2.878, 0.1233 -2.0796 2.878, 0.1463 -2.0804 2.878, 0.1232 -2.0823 2.878, 0.1469 -2.0856 2.878, 0.1243 -2.0923 2.878, 0.127 -2.1001 2.878, 0.1662 -2.0399 2.878, 0.149 -2.0442 2.878, 0.1523 -2.064 2.878, 0.1393 -2.0492 2.878, 0.1496 -2.0674 2.878, 0.1324 -2.0552 2.878, 0.1476 -2.0716 2.878, 0.1278 -2.0617 2.878, 0.1247 -2.0697 2.878, 0.1784 -2.0028 2.874, 0.1863 -2.0037 2.874, 0.1915 -2.0055 2.874, 0.1955 -2.0081 2.874, 0.1989 -2.0118 2.874, 0.2016 -2.0165 2.874, 0.2039 -2.0247 2.874, 0.2047 -2.0346 2.874, 0.1662 -2.0399 2.874, 0.149 -2.0442 2.874, 0.1393 -2.0492 2.874, 0.1324 -2.0552 2.874, 0.1278 -2.0617 2.874, 0.1247 -2.0697 2.874, 0.1233 -2.0796 2.874, 0.1232 -2.0823 2.874, 0.1243 -2.0923 2.874, 0.127 -2.1001 2.874, 0.1311 -2.1064 2.874, 0.1344 -2.1098 2.874, 0.1643 -2.1201 2.874, 0.1414 -2.1148 2.874, 0.15 -2.1183 2.874, 0.1516 -2.1185 2.874, 0.1606 -2.1199 2.874, 0.1769 -2.1185 2.874, 0.177 -2.1185 2.874, 0.186 -2.1151 2.874, 0.1914 -2.1116 2.874, 0.1988 -2.1045 2.874, 0.2041 -2.0969 2.874, 0.2047 -2.0969 2.874, 0.2047 -2.117 2.874, 0.2274 -2.117 2.874, 0.2274 -2.0335 2.874, 0.2256 -2.016 2.874, 0.222 -2.0058 2.874, 0.2173 -1.9985 2.874, 0.2112 -1.9927 2.874, 0.2037 -1.9884 2.874, 0.194 -1.9855 2.874, 0.1805 -1.9843 2.874, 0.1573 -1.9872 2.874, 0.1404 -1.9938 2.874, 0.1359 -1.9964 2.874, 0.1359 -2.0185 2.874, 0.1517 -2.0086 2.874, 0.1659 -2.004 2.874, 0.1949 -2.0908 2.874, 0.1923 -2.0934 2.874, 0.186 -2.0978 2.874, 0.1791 -2.1003 2.874, 0.1702 -2.1014 2.874, 0.2047 -2.0644 2.874, 0.2033 -2.0757 2.874, 0.2 -2.0838 2.874, 0.2047 -2.0519 2.874, 0.1743 -2.056 2.874, 0.1523 -2.064 2.874, 0.1554 -2.0616 2.874, 0.1608 -2.0591 2.874, 0.1463 -2.0804 2.874, 0.1465 -2.0768 2.874, 0.1476 -2.0716 2.874, 0.1496 -2.0674 2.874, 0.1529 -2.0955 2.874, 0.1509 -2.0936 2.874, 0.1484 -2.0898 2.874, 0.1469 -2.0856 2.874, 0.1625 -2.1005 2.874, 0.1574 -2.0986 2.874
            ]
        }
        coordIndex [
            0,1,2,-1,0,2,3,-1,3,2,4,-1,3,4,5,-1,6,5,7,-1,7,5,4,-1,8,6,9,-1,9,6,7,-1,10,11,12,-1,12,11,8,-1,12,8,9,-1,13,11,14,-1,14,11,10,-1,15,16,17,-1,17,16,13,-1,17,13,14,-1,18,19,20,-1,20,19,16,-1,20,16,15,-1,18,21,19,-1,19,21,22,-1,21,23,22,-1,22,23,24,-1,22,24,25,-1,25,24,26,-1,25,26,27,-1,27,26,28,-1,27,28,29,-1,29,28,30,-1,29,30,31,-1,31,30,32,-1,31,32,33,-1,33,32,34,-1,33,34,35,-1,35,34,36,-1,35,36,37,-1,38,37,39,-1,39,37,36,-1,38,39,40,-1,38,40,41,-1,41,40,42,-1,41,42,43,-1,43,42,44,-1,43,44,45,-1,45,44,46,-1,45,46,47,-1,46,48,47,-1,47,48,49,-1,47,49,50,-1,50,49,51,-1,50,51,52,-1,52,51,53,-1,52,53,54,-1,54,53,55,-1,54,55,56,-1,57,58,59,-1,59,58,56,-1,59,56,55,-1,60,58,61,-1,61,58,57,-1,0,60,1,-1,1,60,61,-1,3,5,56,-1,58,60,56,-1,56,60,0,-1,56,0,3,-1,11,13,8,-1,8,13,16,-1,8,16,6,-1,25,27,47,-1,43,33,41,-1,41,33,35,-1,41,35,38,-1,38,35,37,-1,5,6,56,-1,56,6,16,-1,56,16,54,-1,47,27,45,-1,45,27,29,-1,45,29,43,-1,43,29,31,-1,43,31,33,-1,16,19,54,-1,54,19,22,-1,54,22,52,-1,52,22,25,-1,52,25,50,-1,50,25,47,-1,62,63,64,-1,64,63,65,-1,65,66,64,-1,64,66,67,-1,64,67,68,-1,68,67,69,-1,68,69,70,-1,70,69,71,-1,70,71,72,-1,72,71,73,-1,72,73,74,-1,74,73,75,-1,74,75,76,-1,76,75,77,-1,76,77,78,-1,78,77,79,-1,78,79,80,-1,80,79,81,-1,80,81,82,-1,82,81,83,-1,82,83,84,-1,84,83,85,-1,84,85,86,-1,86,85,87,-1,86,87,88,-1,88,87,89,-1,88,89,90,-1,90,89,91,-1,90,91,92,-1,92,91,93,-1,92,93,94,-1,94,93,95,-1,94,95,96,-1,96,95,97,-1,96,97,98,-1,98,97,99,-1,98,99,100,-1,100,99,101,-1,100,101,102,-1,102,101,103,-1,102,103,104,-1,104,103,105,-1,104,105,106,-1,106,105,107,-1,106,107,108,-1,108,107,109,-1,108,109,110,-1,110,109,111,-1,110,111,112,-1,112,111,113,-1,112,113,114,-1,114,113,115,-1,114,115,116,-1,116,115,117,-1,116,117,118,-1,118,117,119,-1,118,119,120,-1,120,119,121,-1,120,121,122,-1,123,122,124,-1,124,122,121,-1,123,124,125,-1,123,125,126,-1,126,125,127,-1,126,127,128,-1,129,130,131,-1,131,130,132,-1,131,132,133,-1,133,132,134,-1,133,134,135,-1,135,134,128,-1,135,128,127,-1,130,129,136,-1,130,136,137,-1,137,136,138,-1,137,138,139,-1,139,138,140,-1,139,140,141,-1,141,140,142,-1,141,142,143,-1,143,142,144,-1,143,144,145,-1,145,144,146,-1,145,146,147,-1,147,146,148,-1,147,148,149,-1,150,151,152,-1,149,148,153,-1,149,153,154,-1,154,153,155,-1,154,155,152,-1,152,155,156,-1,152,156,150,-1,151,150,157,-1,151,157,158,-1,158,157,159,-1,158,159,160,-1,160,159,161,-1,160,161,162,-1,162,161,163,-1,162,163,164,-1,164,163,165,-1,164,165,166,-1,166,165,167,-1,166,167,168,-1,168,167,169,-1,168,169,170,-1,170,169,171,-1,170,171,172,-1,172,171,173,-1,172,173,174,-1,174,173,175,-1,174,175,176,-1,176,175,177,-1,176,177,178,-1,178,177,179,-1,178,179,180,-1,180,179,181,-1,180,181,182,-1,182,181,183,-1,182,183,184,-1,185,186,187,-1,184,183,188,-1,184,188,189,-1,189,188,190,-1,189,190,187,-1,187,190,191,-1,187,191,185,-1,192,186,193,-1,193,186,185,-1,194,192,195,-1,195,192,193,-1,63,62,196,-1,196,62,194,-1,196,194,197,-1,197,194,195,-1,106,108,130,-1,130,108,132,-1,132,108,110,-1,132,110,134,-1,172,72,74,-1,158,90,151,-1,151,90,92,-1,172,74,170,-1,170,74,76,-1,170,76,168,-1,168,76,78,-1,168,78,166,-1,166,78,80,-1,166,80,164,-1,164,80,82,-1,164,82,162,-1,162,82,84,-1,162,84,160,-1,160,84,86,-1,160,86,158,-1,158,86,88,-1,158,88,90,-1,72,172,70,-1,70,172,174,-1,70,174,68,-1,62,184,194,-1,194,184,189,-1,194,189,192,-1,192,189,187,-1,192,187,186,-1,110,112,134,-1,134,112,114,-1,134,114,128,-1,128,114,116,-1,128,116,126,-1,126,116,118,-1,126,118,123,-1,123,118,120,-1,123,120,122,-1,174,176,68,-1,68,176,178,-1,68,178,64,-1,64,178,180,-1,64,180,62,-1,62,180,182,-1,62,182,184,-1,130,137,106,-1,106,137,139,-1,106,139,104,-1,104,139,141,-1,104,141,102,-1,102,141,143,-1,102,143,100,-1,100,143,145,-1,100,145,98,-1,98,145,147,-1,98,147,96,-1,96,147,149,-1,96,149,94,-1,94,149,154,-1,94,154,92,-1,92,154,152,-1,92,152,151,-1,198,199,200,-1,201,202,203,-1,203,202,200,-1,204,205,206,-1,207,208,209,-1,209,208,210,-1,199,211,200,-1,200,211,212,-1,200,212,203,-1,203,212,213,-1,203,213,207,-1,207,213,214,-1,207,214,208,-1,215,216,217,-1,217,216,218,-1,217,218,219,-1,219,218,220,-1,219,220,221,-1,221,220,222,-1,221,222,223,-1,223,222,224,-1,223,224,225,-1,206,198,204,-1,204,198,200,-1,204,200,226,-1,226,200,227,-1,226,227,228,-1,228,227,229,-1,228,229,230,-1,230,229,231,-1,230,231,232,-1,232,231,233,-1,232,233,234,-1,234,233,235,-1,234,235,236,-1,236,235,237,-1,236,237,238,-1,238,237,239,-1,238,239,240,-1,240,239,241,-1,240,241,242,-1,242,241,243,-1,242,243,244,-1,244,243,245,-1,224,246,225,-1,225,246,247,-1,225,247,248,-1,248,247,249,-1,248,249,210,-1,210,249,250,-1,210,250,209,-1,251,252,253,-1,253,252,254,-1,253,254,255,-1,255,254,256,-1,255,256,215,-1,215,256,257,-1,215,257,216,-1,204,258,205,-1,205,258,259,-1,205,259,260,-1,260,259,261,-1,260,261,262,-1,262,261,263,-1,262,263,264,-1,264,263,265,-1,264,265,251,-1,251,265,266,-1,251,266,252,-1,238,267,268,-1,238,268,236,-1,236,268,269,-1,236,269,234,-1,234,269,270,-1,234,270,232,-1,232,270,271,-1,232,271,230,-1,230,271,272,-1,230,272,228,-1,228,272,273,-1,228,273,226,-1,226,273,274,-1,226,274,204,-1,258,204,275,-1,275,204,274,-1,258,275,276,-1,258,276,259,-1,259,276,277,-1,259,277,261,-1,261,277,278,-1,261,278,263,-1,263,278,279,-1,263,279,265,-1,265,279,280,-1,265,280,266,-1,266,280,281,-1,266,281,252,-1,252,281,282,-1,252,282,254,-1,254,282,283,-1,254,283,256,-1,256,283,284,-1,256,284,257,-1,257,284,285,-1,257,285,216,-1,216,285,286,-1,216,286,218,-1,287,246,224,-1,218,286,288,-1,218,288,220,-1,220,288,289,-1,220,289,222,-1,222,289,290,-1,222,290,224,-1,224,290,291,-1,224,291,287,-1,246,287,292,-1,246,292,247,-1,247,292,293,-1,247,293,249,-1,293,294,249,-1,249,294,295,-1,249,295,250,-1,250,295,296,-1,250,296,209,-1,209,296,297,-1,209,297,207,-1,203,207,298,-1,298,207,297,-1,201,203,299,-1,299,203,298,-1,202,201,300,-1,300,201,299,-1,200,202,301,-1,301,202,300,-1,200,301,302,-1,200,302,227,-1,227,302,303,-1,227,303,229,-1,229,303,304,-1,229,304,231,-1,231,304,305,-1,231,305,233,-1,233,305,306,-1,233,306,235,-1,235,306,307,-1,235,307,237,-1,237,307,308,-1,237,308,239,-1,239,308,309,-1,239,309,241,-1,241,309,310,-1,241,310,243,-1,243,310,311,-1,243,311,245,-1,244,245,312,-1,312,245,311,-1,244,312,313,-1,244,313,242,-1,242,313,314,-1,242,314,240,-1,240,314,267,-1,240,267,238,-1,214,315,316,-1,214,316,208,-1,208,316,317,-1,208,317,210,-1,210,317,318,-1,210,318,248,-1,248,318,319,-1,248,319,225,-1,211,320,321,-1,211,321,212,-1,212,321,322,-1,212,322,213,-1,213,322,315,-1,213,315,214,-1,211,199,320,-1,320,199,323,-1,199,198,323,-1,323,198,324,-1,260,325,326,-1,260,326,205,-1,205,326,327,-1,205,327,206,-1,206,327,324,-1,206,324,198,-1,253,328,329,-1,253,329,251,-1,251,329,330,-1,251,330,264,-1,264,330,331,-1,264,331,262,-1,262,331,325,-1,262,325,260,-1,219,332,333,-1,219,333,217,-1,217,333,334,-1,217,334,215,-1,215,334,335,-1,215,335,255,-1,255,335,328,-1,255,328,253,-1,225,319,336,-1,225,336,223,-1,223,336,337,-1,223,337,221,-1,221,337,332,-1,221,332,219,-1,
        ]
    }
}
Shape{
    appearance Appearance {
        material  Material 	{
            diffuseColor 0.17647058823529413 0.17647058823529413 0.17647058823529413
            specularColor 0.011764705882352941 0.011764705882352941 0.011764705882352941
            ambientIntensity 0.251
            transparency 0.0
            shininess 0.5
        }
    }
    geometry IndexedFaceSet {
        ccw TRUE
        solid FALSE
        coord DEF co Coordinate {
            point [
                0.1923 -2.0934 2.874, 0.1949 -2.0908 2.874, 0.1743 -2.056 2.874, 0.2 -2.0838 2.874, 0.1791 -2.1003 2.874, 0.1608 -2.0591 2.874, 0.1554 -2.0616 2.874, 0.186 -2.0978 2.874, 0.2033 -2.0757 2.874, 0.2047 -2.0644 2.874, 0.2047 -2.0519 2.874, 0.1476 -2.0716 2.874, 0.1465 -2.0768 2.874, 0.1463 -2.0804 2.874, 0.1469 -2.0856 2.874, 0.1574 -2.0986 2.874, 0.1625 -2.1005 2.874, 0.1529 -2.0955 2.874, 0.1702 -2.1014 2.874, 0.1523 -2.064 2.874, 0.1496 -2.0674 2.874, 0.1484 -2.0898 2.874, 0.1509 -2.0936 2.874
            ]
        }
        coordIndex [
            0,1,2,-1,2,1,3,-1,4,5,6,-1,5,4,2,-1,2,4,7,-1,2,7,0,-1,3,8,2,-1,2,8,9,-1,2,9,10,-1,11,12,4,-1,4,12,13,-1,4,13,14,-1,15,16,17,-1,17,16,18,-1,17,18,4,-1,6,19,4,-1,4,19,20,-1,4,20,11,-1,14,21,4,-1,4,21,22,-1,4,22,17,-1,
        ]
    }
}
Shape{
    appearance Appearance {
        material  Material 	{
            diffuseColor 1.0 1.0 1.0
            specularColor 0.5019607843137255 0.5019607843137255 0.5019607843137255
            ambientIntensity 1.0
            transparency 0.0
            shininess 0.5
        }
    }
    geometry IndexedFaceSet {
        ccw TRUE
        solid FALSE
        coord DEF co Coordinate {
            point [
                -0.7982 -2.1427 2.878, -0.779 -2.1664 2.878, -0.8098 -2.0285 2.878, -0.832 -1.804 2.878, -0.8032 -1.7888 2.878, -0.8105 -1.7096 2.878, -0.5593 -2.0737 2.878, -0.5593 -2.0608 2.878, -0.6688 -2.0292 2.878, -0.681 -2.0254 2.878, -0.7594 -1.7032 2.878, -0.6495 -2.0448 2.878, -0.6434 -2.0551 2.878, -0.56 -2.0869 2.878, -0.3786 -1.9653 2.878, -0.4186 -1.8969 2.878, -0.5916 -1.9872 2.878, -0.6897 -2.0247 2.878, -0.7019 -2.0262 2.878, -0.7191 -1.9471 2.878, -0.7132 -2.0305 2.878, -0.7477 -1.958 2.878, -0.7234 -2.0376 2.878, -0.7741 -1.9763 2.878, -0.7296 -2.0443 2.878, -0.7954 -2.0007 2.878, -0.736 -2.0552 2.878, -0.7395 -2.0675 2.878, -0.6415 -1.952 2.878, -0.6726 -1.9443 2.878, -0.6884 -1.9433 2.878, -0.7297 -1.7058 2.878, -0.6897 -1.8 2.878, -0.673 -1.764 2.878, -0.8378 -2.0113 2.878, -0.8276 -2.1101 2.878, -0.8111 -2.115 2.878, -0.6581 -2.0358 2.878, -0.7236 -2.1122 2.878, -0.7134 -2.1194 2.878, -0.7538 -2.1854 2.878, -0.7015 -2.124 2.878, -0.7033 -1.675 2.878, -0.6452 -1.7286 2.878, -0.6729 -1.649 2.878, -0.6098 -1.7013 2.878, -0.6416 -1.6295 2.878, -0.7713 -1.7813 2.878, -0.7581 -1.7807 2.878, -0.7446 -1.704 2.878, -0.7283 -1.7843 2.878, -0.6993 -1.7948 2.878, -0.6141 -1.9667 2.878, -0.336 -1.8375 2.878, -0.3257 -1.8375 2.878, -0.2727 -1.7678 2.878, -0.3012 -1.8405 2.878, -0.2622 -1.7715 2.878, -0.2786 -1.8491 2.878, -0.2242 -1.7915 2.878, -0.2586 -1.8631 2.878, -0.19 -1.8219 2.878, -0.2435 -1.88 2.878, -0.1645 -1.8592 2.878, -0.2316 -1.9023 2.878, -0.1498 -1.8989 2.878, -0.2256 -1.9271 2.878, -0.1449 -1.9369 2.878, -0.225 -1.9382 2.878, -0.1451 -1.9456 2.878, -0.228 -1.9633 2.878, -0.3907 -2.1171 2.878, -0.3863 -2.1176 2.878, -0.376 -2.0389 2.878, -0.582 -1.6066 2.878, -0.568 -1.6833 2.878, -0.518 -1.5986 2.878, -0.3424 -1.6658 2.878, -0.3817 -1.7365 2.878, -0.3001 -1.7146 2.878, -0.3556 -1.7739 2.878, -0.3395 -1.8172 2.878, -0.8834 -1.8786 2.878, -0.9682 -1.9003 2.878, -0.8872 -1.9098 2.878, -0.9686 -1.9124 2.878, -0.8857 -1.9294 2.878, -0.9622 -1.9633 2.878, -0.8765 -1.961 2.878, -0.9436 -2.0114 2.878, -0.861 -1.9875 2.878, -0.9143 -2.0531 2.878, -0.8742 -2.0873 2.878, -0.7317 -2.1028 2.878, -0.7371 -2.0921 2.878, -0.7398 -2.0801 2.878, -0.3179 -2.0389 2.878, -0.3102 -2.1176 2.878, -0.2949 -2.0345 2.878, -0.2718 -2.11 2.878, -0.2721 -2.024 2.878, -0.232 -2.0919 2.878, -0.253 -2.0084 2.878, -0.1978 -2.0648 2.878, -0.2511 -2.0064 2.878, -0.1927 -2.0595 2.878, -0.2369 -1.9863 2.878, -0.1695 -2.0281 2.878, -0.1522 -1.9878 2.878, -0.8583 -1.7282 2.878, -0.8993 -1.7571 2.878, -0.8545 -1.8241 2.878, -0.9079 -1.7652 2.878, -0.8724 -1.8498 2.878, -0.9391 -1.8053 2.878, -0.9596 -1.8518 2.878, -0.64 -2.0669 2.878, -0.6396 -2.0794 2.878, -0.5675 -2.1188 2.878, -0.6423 -2.0919 2.878, -0.5827 -2.1476 2.878, -0.648 -2.1032 2.878, -0.6027 -2.1701 2.878, -0.6562 -2.1126 2.878, -0.6285 -2.188 2.878, -0.6661 -2.1195 2.878, -0.6573 -2.199 2.878, -0.6773 -2.1238 2.878, -0.6884 -2.2028 2.878, -0.6897 -2.1254 2.878, -0.6935 -2.2027 2.878, -0.724 -2.198 2.878, -0.5251 -1.6763 2.878, -0.5167 -1.6761 2.878, -0.4648 -1.6042 2.878, -0.4779 -1.6803 2.878, -0.4 -1.6271 2.878, -0.4371 -1.6946 2.878, -0.4002 -1.7187 2.878, -0.4236 -2.0734 2.878, -0.4238 -2.0776 2.878, -0.3825 -2.0377 2.878, -0.4228 -2.0863 2.878, -0.4196 -2.0951 2.878, -0.4142 -2.1033 2.878, -0.4082 -2.1091 2.878, -0.3786 -2.0385 2.878, -0.3993 -2.1145 2.878, -0.3837 -2.0376 2.878, -0.3926 -2.0386 2.878, -0.4016 -2.0418 2.878, -0.4096 -2.0472 2.878, -0.4164 -2.0546 2.878, -0.4212 -2.0635 2.878, -0.1645 -1.8592 2.874, -0.1498 -1.8989 2.874, -0.1449 -1.9369 2.874, -0.1841 -1.8305 2.874, -0.19 -1.8219 2.874, -0.2242 -1.7915 2.874, -0.2622 -1.7715 2.874, -0.2727 -1.7678 2.874, -0.3001 -1.7146 2.874, -0.3424 -1.6658 2.874, -0.3721 -1.6458 2.874, -0.4 -1.6271 2.874, -0.4648 -1.6042 2.874, -0.518 -1.5986 2.874, -0.582 -1.6066 2.874, -0.6221 -1.622 2.874, -0.6416 -1.6295 2.874, -0.6678 -1.6458 2.874, -0.6729 -1.649 2.874, -0.7033 -1.675 2.874, -0.7297 -1.7058 2.874, -0.7446 -1.704 2.874, -0.7594 -1.7032 2.874, -0.8105 -1.7096 2.874, -0.8583 -1.7282 2.874, -0.8993 -1.7571 2.874, -0.9079 -1.7652 2.874, -0.9391 -1.8053 2.874, -0.9502 -1.8305 2.874, -0.9596 -1.8518 2.874, -0.9682 -1.9003 2.874, -0.9686 -1.9124 2.874, -0.9626 -1.9599 2.874, -0.9622 -1.9633 2.874, -0.9436 -2.0114 2.874, -0.9143 -2.0531 2.874, -0.8742 -2.0873 2.874, -0.8276 -2.1101 2.874, -0.8111 -2.115 2.874, -0.8094 -2.1185 2.874, -0.7982 -2.1427 2.874, -0.779 -2.1664 2.874, -0.7538 -2.1854 2.874, -0.7418 -2.1904 2.874, -0.724 -2.198 2.874, -0.6935 -2.2027 2.874, -0.6884 -2.2028 2.874, -0.5593 -2.0737 2.874, -0.6573 -2.199 2.874, -0.635 -2.1904 2.874, -0.6285 -2.188 2.874, -0.6221 -2.1835 2.874, -0.6027 -2.1701 2.874, -0.5827 -2.1476 2.874, -0.5675 -2.1188 2.874, -0.5674 -2.1185 2.874, -0.56 -2.0869 2.874, -0.5593 -2.0608 2.874, -0.3786 -1.9653 2.874, -0.4186 -1.8969 2.874, -0.3817 -1.9599 2.874, -0.5916 -1.9872 2.874, -0.5392 -1.9599 2.874, -0.6141 -1.9667 2.874, -0.6221 -1.9624 2.874, -0.6269 -1.9599 2.874, -0.6415 -1.952 2.874, -0.6726 -1.9443 2.874, -0.6884 -1.9433 2.874, -0.7191 -1.9471 2.874, -0.7477 -1.958 2.874, -0.7504 -1.9599 2.874, -0.7741 -1.9763 2.874, -0.7954 -2.0007 2.874, -0.8098 -2.0285 2.874, -0.8872 -1.9098 2.874, -0.8378 -2.0113 2.874, -0.861 -1.9875 2.874, -0.8765 -1.961 2.874, -0.8769 -1.9599 2.874, -0.8857 -1.9294 2.874, -0.8724 -1.8498 2.874, -0.8834 -1.8786 2.874, -0.8589 -1.8305 2.874, -0.8545 -1.8241 2.874, -0.832 -1.804 2.874, -0.8032 -1.7888 2.874, -0.7713 -1.7813 2.874, -0.7581 -1.7807 2.874, -0.7283 -1.7843 2.874, -0.6993 -1.7948 2.874, -0.6897 -1.8 2.874, -0.673 -1.764 2.874, -0.6452 -1.7286 2.874, -0.6221 -1.7107 2.874, -0.6098 -1.7013 2.874, -0.568 -1.6833 2.874, -0.5251 -1.6763 2.874, -0.5167 -1.6761 2.874, -0.4779 -1.6803 2.874, -0.4371 -1.6946 2.874, -0.4002 -1.7187 2.874, -0.3817 -1.7365 2.874, -0.3556 -1.7739 2.874, -0.3395 -1.8172 2.874, -0.3372 -1.8305 2.874, -0.336 -1.8375 2.874, -0.3257 -1.8375 2.874, -0.3012 -1.8405 2.874, -0.2786 -1.8491 2.874, -0.2586 -1.8631 2.874, -0.2435 -1.88 2.874, -0.2316 -1.9023 2.874, -0.2256 -1.9271 2.874, -0.225 -1.9382 2.874, -0.2276 -1.9599 2.874, -0.228 -1.9633 2.874, -0.2369 -1.9863 2.874, -0.2511 -2.0064 2.874, -0.253 -2.0084 2.874, -0.2721 -2.024 2.874, -0.2949 -2.0345 2.874, -0.3179 -2.0389 2.874, -0.376 -2.0389 2.874, -0.3786 -2.0385 2.874, -0.3825 -2.0377 2.874, -0.3837 -2.0376 2.874, -0.3926 -2.0386 2.874, -0.4016 -2.0418 2.874, -0.4096 -2.0472 2.874, -0.4164 -2.0546 2.874, -0.4212 -2.0635 2.874, -0.4236 -2.0734 2.874, -0.4238 -2.0776 2.874, -0.4228 -2.0863 2.874, -0.4196 -2.0951 2.874, -0.4142 -2.1033 2.874, -0.4082 -2.1091 2.874, -0.3993 -2.1145 2.874, -0.3907 -2.1171 2.874, -0.3863 -2.1176 2.874, -0.3102 -2.1176 2.874, -0.2718 -2.11 2.874, -0.232 -2.0919 2.874, -0.1978 -2.0648 2.874, -0.1927 -2.0595 2.874, -0.1695 -2.0281 2.874, -0.1522 -1.9878 2.874, -0.1475 -1.9599 2.874, -0.1451 -1.9456 2.874, -0.6897 -2.0247 2.874, -0.681 -2.0254 2.874, -0.6688 -2.0292 2.874, -0.6581 -2.0358 2.874, -0.6495 -2.0448 2.874, -0.6434 -2.0551 2.874, -0.64 -2.0669 2.874, -0.6396 -2.0794 2.874, -0.6423 -2.0919 2.874, -0.648 -2.1032 2.874, -0.6562 -2.1126 2.874, -0.6661 -2.1195 2.874, -0.6773 -2.1238 2.874, -0.6897 -2.1254 2.874, -0.7015 -2.124 2.874, -0.7134 -2.1194 2.874, -0.7236 -2.1122 2.874, -0.7317 -2.1028 2.874, -0.7371 -2.0921 2.874, -0.7398 -2.0801 2.874, -0.7395 -2.0675 2.874, -0.736 -2.0552 2.874, -0.7296 -2.0443 2.874, -0.7234 -2.0376 2.874, -0.7132 -2.0305 2.874, -0.7019 -2.0262 2.874
            ]
        }
        coordIndex [
            0,1,2,-1,3,4,5,-1,6,7,8,-1,8,7,9,-1,5,4,10,-1,11,12,13,-1,14,15,7,-1,7,15,16,-1,7,16,9,-1,9,16,17,-1,18,19,20,-1,20,19,21,-1,20,21,22,-1,22,21,23,-1,22,23,24,-1,24,23,25,-1,24,25,26,-1,26,25,2,-1,26,2,27,-1,28,29,18,-1,18,29,30,-1,18,30,19,-1,31,32,33,-1,34,35,2,-1,2,35,36,-1,2,36,0,-1,6,8,13,-1,13,8,37,-1,13,37,11,-1,38,1,39,-1,39,1,40,-1,39,40,41,-1,31,33,42,-1,42,33,43,-1,42,43,44,-1,44,43,45,-1,44,45,46,-1,4,47,10,-1,10,47,48,-1,10,48,49,-1,49,48,50,-1,49,50,31,-1,31,50,51,-1,31,51,32,-1,17,16,18,-1,18,16,52,-1,18,52,28,-1,53,54,55,-1,55,54,56,-1,55,56,57,-1,57,56,58,-1,57,58,59,-1,59,58,60,-1,59,60,61,-1,61,60,62,-1,61,62,63,-1,63,62,64,-1,63,64,65,-1,65,64,66,-1,65,66,67,-1,67,66,68,-1,67,68,69,-1,69,68,70,-1,71,72,73,-1,46,45,74,-1,74,45,75,-1,74,75,76,-1,77,78,79,-1,79,78,80,-1,79,80,55,-1,55,80,81,-1,55,81,53,-1,82,83,84,-1,84,83,85,-1,84,85,86,-1,86,85,87,-1,86,87,88,-1,88,87,89,-1,88,89,90,-1,90,89,91,-1,90,91,34,-1,34,91,92,-1,34,92,35,-1,38,93,1,-1,1,93,94,-1,1,94,2,-1,2,94,95,-1,2,95,27,-1,73,72,96,-1,96,72,97,-1,96,97,98,-1,98,97,99,-1,98,99,100,-1,100,99,101,-1,100,101,102,-1,102,101,103,-1,102,103,104,-1,104,103,105,-1,104,105,106,-1,106,105,107,-1,106,107,70,-1,70,107,108,-1,70,108,69,-1,5,109,3,-1,3,109,110,-1,3,110,111,-1,111,110,112,-1,111,112,113,-1,113,112,114,-1,113,114,82,-1,82,114,115,-1,82,115,83,-1,12,116,13,-1,13,116,117,-1,13,117,118,-1,118,117,119,-1,118,119,120,-1,120,119,121,-1,120,121,122,-1,122,121,123,-1,122,123,124,-1,124,123,125,-1,124,125,126,-1,126,125,127,-1,126,127,128,-1,128,127,129,-1,128,129,130,-1,130,129,41,-1,130,41,131,-1,131,41,40,-1,75,132,76,-1,76,132,133,-1,76,133,134,-1,134,133,135,-1,134,135,136,-1,136,135,137,-1,136,137,77,-1,77,137,138,-1,77,138,78,-1,139,140,141,-1,141,140,142,-1,142,143,141,-1,141,143,144,-1,141,144,145,-1,73,146,71,-1,71,146,141,-1,71,141,147,-1,147,141,145,-1,141,148,139,-1,139,148,149,-1,139,149,150,-1,150,151,139,-1,139,151,152,-1,139,152,153,-1,154,65,155,-1,155,65,67,-1,155,67,156,-1,157,61,154,-1,154,61,63,-1,154,63,65,-1,157,158,61,-1,61,158,159,-1,61,159,59,-1,59,159,160,-1,59,160,57,-1,57,160,161,-1,57,161,55,-1,55,161,162,-1,55,162,79,-1,79,162,163,-1,79,163,77,-1,136,77,164,-1,164,77,163,-1,164,165,136,-1,136,165,166,-1,136,166,134,-1,134,166,167,-1,134,167,76,-1,76,167,168,-1,76,168,74,-1,74,168,169,-1,74,169,46,-1,46,169,170,-1,46,170,44,-1,44,170,171,-1,44,171,172,-1,44,172,173,-1,44,173,42,-1,42,173,174,-1,42,174,31,-1,31,174,175,-1,31,175,49,-1,49,175,176,-1,49,176,10,-1,10,176,177,-1,10,177,5,-1,5,177,178,-1,5,178,109,-1,109,178,179,-1,109,179,110,-1,110,179,180,-1,110,180,112,-1,112,180,181,-1,112,181,114,-1,114,181,182,-1,114,182,115,-1,182,183,115,-1,115,183,184,-1,115,184,83,-1,83,184,185,-1,83,185,85,-1,85,185,87,-1,87,185,186,-1,186,187,87,-1,87,187,188,-1,87,188,89,-1,89,188,189,-1,89,189,91,-1,91,189,190,-1,91,190,92,-1,92,190,191,-1,92,191,35,-1,35,191,192,-1,35,192,36,-1,36,192,193,-1,36,193,0,-1,193,194,0,-1,0,194,195,-1,0,195,1,-1,1,195,196,-1,1,196,40,-1,40,196,197,-1,40,197,131,-1,197,198,131,-1,131,198,199,-1,131,199,130,-1,130,199,200,-1,130,200,128,-1,201,6,13,-1,128,200,202,-1,203,124,202,-1,202,124,126,-1,202,126,128,-1,203,204,124,-1,124,204,205,-1,124,205,122,-1,205,206,122,-1,122,206,207,-1,122,207,120,-1,120,207,208,-1,120,208,118,-1,118,208,209,-1,118,209,13,-1,13,209,210,-1,13,210,201,-1,7,6,211,-1,211,6,201,-1,14,7,212,-1,212,7,211,-1,213,15,214,-1,214,15,14,-1,214,14,212,-1,215,16,216,-1,216,16,15,-1,216,15,213,-1,52,16,217,-1,217,16,215,-1,217,218,52,-1,52,218,219,-1,52,219,28,-1,219,220,28,-1,28,220,221,-1,28,221,29,-1,29,221,222,-1,29,222,30,-1,30,222,223,-1,30,223,19,-1,19,223,224,-1,19,224,21,-1,21,224,225,-1,21,225,23,-1,225,226,23,-1,23,226,227,-1,23,227,25,-1,25,227,228,-1,25,228,2,-1,229,84,86,-1,2,228,230,-1,2,230,34,-1,34,230,231,-1,34,231,90,-1,90,231,232,-1,90,232,88,-1,88,232,233,-1,88,233,86,-1,86,233,234,-1,86,234,229,-1,235,82,236,-1,236,82,84,-1,236,84,229,-1,237,111,235,-1,235,111,113,-1,235,113,82,-1,237,238,111,-1,111,238,239,-1,111,239,3,-1,3,239,240,-1,3,240,4,-1,4,240,241,-1,4,241,47,-1,47,241,242,-1,47,242,48,-1,48,242,243,-1,48,243,50,-1,50,243,244,-1,50,244,51,-1,51,244,245,-1,51,245,32,-1,32,245,246,-1,32,246,33,-1,33,246,247,-1,33,247,43,-1,43,247,248,-1,43,248,45,-1,248,249,45,-1,45,249,250,-1,45,250,75,-1,75,250,251,-1,75,251,132,-1,132,251,252,-1,132,252,133,-1,133,252,253,-1,133,253,135,-1,135,253,254,-1,135,254,137,-1,137,254,255,-1,137,255,138,-1,138,255,256,-1,138,256,78,-1,78,256,257,-1,78,257,80,-1,80,257,258,-1,80,258,81,-1,81,258,53,-1,53,258,259,-1,53,259,260,-1,54,53,261,-1,261,53,260,-1,54,261,262,-1,54,262,56,-1,56,262,263,-1,56,263,58,-1,58,263,264,-1,58,264,60,-1,60,264,265,-1,60,265,62,-1,62,265,266,-1,62,266,64,-1,64,266,267,-1,64,267,66,-1,66,267,268,-1,66,268,68,-1,68,268,70,-1,70,268,269,-1,269,270,70,-1,70,270,271,-1,70,271,106,-1,106,271,272,-1,106,272,104,-1,104,272,273,-1,104,273,102,-1,102,273,274,-1,102,274,100,-1,100,274,275,-1,100,275,98,-1,98,275,276,-1,98,276,96,-1,73,96,277,-1,277,96,276,-1,73,277,278,-1,73,278,146,-1,146,278,279,-1,146,279,141,-1,141,279,280,-1,141,280,148,-1,148,280,281,-1,148,281,149,-1,149,281,282,-1,149,282,150,-1,150,282,283,-1,150,283,151,-1,151,283,284,-1,151,284,152,-1,152,284,285,-1,152,285,153,-1,153,285,286,-1,153,286,139,-1,139,286,287,-1,139,287,140,-1,140,287,288,-1,140,288,142,-1,142,288,289,-1,142,289,143,-1,143,289,290,-1,143,290,144,-1,144,290,291,-1,144,291,145,-1,145,291,292,-1,145,292,147,-1,147,292,293,-1,147,293,71,-1,71,293,294,-1,71,294,72,-1,97,72,295,-1,295,72,294,-1,97,295,296,-1,97,296,99,-1,99,296,297,-1,99,297,101,-1,101,297,298,-1,101,298,103,-1,103,298,299,-1,103,299,105,-1,156,67,69,-1,105,299,300,-1,105,300,107,-1,107,300,301,-1,107,301,108,-1,108,301,302,-1,108,302,69,-1,69,302,303,-1,69,303,156,-1,17,304,305,-1,17,305,9,-1,9,305,306,-1,9,306,8,-1,8,306,307,-1,8,307,37,-1,37,307,308,-1,37,308,11,-1,11,308,309,-1,11,309,12,-1,12,309,310,-1,12,310,116,-1,116,310,311,-1,116,311,117,-1,117,311,312,-1,117,312,119,-1,119,312,313,-1,119,313,121,-1,121,313,314,-1,121,314,123,-1,123,314,315,-1,123,315,125,-1,125,315,316,-1,125,316,127,-1,127,316,317,-1,127,317,129,-1,129,317,318,-1,129,318,41,-1,41,318,319,-1,41,319,39,-1,39,319,320,-1,39,320,38,-1,38,320,321,-1,38,321,93,-1,93,321,322,-1,93,322,94,-1,94,322,323,-1,94,323,95,-1,95,323,324,-1,95,324,27,-1,27,324,325,-1,27,325,26,-1,26,325,326,-1,26,326,24,-1,24,326,327,-1,24,327,22,-1,22,327,328,-1,22,328,20,-1,20,328,329,-1,20,329,18,-1,18,329,304,-1,18,304,17,-1,
        ]
    }
}
Shape{
    appearance Appearance {
        material  Material 	{
            diffuseColor 0.17647058823529413 0.17647058823529413 0.17647058823529413
            specularColor 0.011764705882352941 0.011764705882352941 0.011764705882352941
            ambientIntensity 0.251
            transparency 0.0
            shininess 0.5
        }
    }
    geometry IndexedFaceSet {
        ccw TRUE
        solid FALSE
        coord DEF co Coordinate {
            point [
                -0.6897 -2.1254 2.874, -0.7234 -2.0376 2.874, -0.7296 -2.0443 2.874, -0.6897 -2.0247 2.874, -0.681 -2.0254 2.874, -0.6773 -2.1238 2.874, -0.7019 -2.0262 2.874, -0.7132 -2.0305 2.874, -0.6562 -2.1126 2.874, -0.6495 -2.0448 2.874, -0.6581 -2.0358 2.874, -0.7371 -2.0921 2.874, -0.7317 -2.1028 2.874, -0.7236 -2.1122 2.874, -0.6661 -2.1195 2.874, -0.6688 -2.0292 2.874, -0.736 -2.0552 2.874, -0.7395 -2.0675 2.874, -0.7398 -2.0801 2.874, -0.7134 -2.1194 2.874, -0.7015 -2.124 2.874, -0.6423 -2.0919 2.874, -0.6396 -2.0794 2.874, -0.648 -2.1032 2.874, -0.64 -2.0669 2.874, -0.6434 -2.0551 2.874
            ]
        }
        coordIndex [
            0,1,2,-1,3,0,4,-1,4,0,5,-1,3,6,0,-1,0,6,7,-1,0,7,1,-1,8,9,10,-1,11,12,2,-1,2,12,13,-1,5,14,4,-1,4,14,8,-1,4,8,15,-1,15,8,10,-1,16,17,2,-1,2,17,18,-1,2,18,11,-1,13,19,2,-1,2,19,20,-1,2,20,0,-1,21,22,23,-1,23,22,24,-1,23,24,8,-1,8,24,25,-1,8,25,9,-1,
        ]
    }
}
Shape{
    appearance Appearance {
        material  Material 	{
            diffuseColor 1.0 1.0 1.0
            specularColor 0.5019607843137255 0.5019607843137255 0.5019607843137255
            ambientIntensity 1.0
            transparency 0.0
            shininess 0.5
        }
    }
    geometry IndexedFaceSet {
        ccw TRUE
        solid FALSE
        coord DEF co Coordinate {
            point [
                0.524 -1.7781 2.878, 0.515 -1.7893 2.878, 0.5317 -1.8035 2.878, 0.5117 -1.7923 2.878, 0.513 -1.8169 2.878, 0.4996 -1.8002 2.878, 0.4924 -1.8251 2.878, 0.4841 -1.8058 2.878, 0.4612 -1.8289 2.878, 0.461 -1.8082 2.878, 0.4112 -1.8289 2.878, 0.4347 -1.8082 2.878, 0.4112 -1.6474 2.878, 0.4347 -1.6683 2.878, 0.463 -1.6474 2.878, 0.4621 -1.6683 2.878, 0.4907 -1.6504 2.878, 0.4855 -1.6708 2.878, 0.5126 -1.6584 2.878, 0.5012 -1.6765 2.878, 0.5317 -1.6714 2.878, 0.5145 -1.6853 2.878, 0.5379 -1.6775 2.878, 0.5205 -1.6914 2.878, 0.5492 -1.6932 2.878, 0.5273 -1.7018 2.878, 0.5559 -1.7105 2.878, 0.5322 -1.7156 2.878, 0.559 -1.7358 2.878, 0.5344 -1.7365 2.878, 0.5585 -1.7473 2.878, 0.5338 -1.748 2.878, 0.5541 -1.7686 2.878, 0.5303 -1.7646 2.878, 0.5452 -1.7874 2.878, 0.5317 -1.8035 2.874, 0.5452 -1.7874 2.874, 0.5541 -1.7686 2.874, 0.5585 -1.7473 2.874, 0.559 -1.7358 2.874, 0.5559 -1.7105 2.874, 0.5492 -1.6932 2.874, 0.5379 -1.6775 2.874, 0.5317 -1.6714 2.874, 0.5126 -1.6584 2.874, 0.4944 -1.6518 2.874, 0.4907 -1.6504 2.874, 0.463 -1.6474 2.874, 0.4112 -1.6474 2.874, 0.4112 -1.8289 2.874, 0.4612 -1.8289 2.874, 0.4924 -1.8251 2.874, 0.4944 -1.8243 2.874, 0.513 -1.8169 2.874, 0.5145 -1.6853 2.874, 0.5205 -1.6914 2.874, 0.5273 -1.7018 2.874, 0.5322 -1.7156 2.874, 0.5344 -1.7365 2.874, 0.4621 -1.6683 2.874, 0.4855 -1.6708 2.874, 0.5012 -1.6765 2.874, 0.4347 -1.6683 2.874, 0.4347 -1.8082 2.874, 0.461 -1.8082 2.874, 0.515 -1.7893 2.874, 0.5117 -1.7923 2.874, 0.4996 -1.8002 2.874, 0.4841 -1.8058 2.874, 0.5338 -1.748 2.874, 0.5303 -1.7646 2.874, 0.524 -1.7781 2.874
            ]
        }
        coordIndex [
            0,1,2,-1,2,1,3,-1,2,3,4,-1,4,3,5,-1,4,5,6,-1,6,5,7,-1,6,7,8,-1,8,7,9,-1,8,9,10,-1,10,9,11,-1,10,11,12,-1,12,11,13,-1,12,13,14,-1,14,13,15,-1,14,15,16,-1,16,15,17,-1,16,17,18,-1,18,17,19,-1,18,19,20,-1,20,19,21,-1,20,21,22,-1,22,21,23,-1,22,23,24,-1,24,23,25,-1,24,25,26,-1,26,25,27,-1,26,27,28,-1,28,27,29,-1,28,29,30,-1,30,29,31,-1,30,31,32,-1,32,31,33,-1,32,33,34,-1,34,33,0,-1,34,0,2,-1,2,35,36,-1,2,36,34,-1,34,36,37,-1,34,37,32,-1,32,37,38,-1,32,38,30,-1,30,38,39,-1,30,39,28,-1,28,39,40,-1,28,40,26,-1,26,40,41,-1,26,41,24,-1,24,41,42,-1,24,42,22,-1,22,42,43,-1,22,43,20,-1,20,43,44,-1,45,16,44,-1,44,16,18,-1,44,18,20,-1,45,46,16,-1,16,46,47,-1,16,47,14,-1,12,14,48,-1,48,14,47,-1,10,12,49,-1,49,12,48,-1,8,10,50,-1,50,10,49,-1,35,2,4,-1,8,50,51,-1,8,51,6,-1,6,51,52,-1,6,52,4,-1,4,52,53,-1,4,53,35,-1,21,54,55,-1,21,55,23,-1,23,55,56,-1,23,56,25,-1,25,56,57,-1,25,57,27,-1,27,57,58,-1,27,58,29,-1,15,59,60,-1,15,60,17,-1,17,60,61,-1,17,61,19,-1,19,61,54,-1,19,54,21,-1,15,13,59,-1,59,13,62,-1,13,11,62,-1,62,11,63,-1,11,9,63,-1,63,9,64,-1,1,65,66,-1,1,66,3,-1,3,66,67,-1,3,67,5,-1,5,67,68,-1,5,68,7,-1,7,68,64,-1,7,64,9,-1,29,58,69,-1,29,69,31,-1,31,69,70,-1,31,70,33,-1,33,70,71,-1,33,71,0,-1,0,71,65,-1,0,65,1,-1,
        ]
    }
}
Shape{
    appearance Appearance {
        material  Material 	{
            diffuseColor 0.17647058823529413 0.17647058823529413 0.17647058823529413
            specularColor 0.011764705882352941 0.011764705882352941 0.011764705882352941
            ambientIntensity 0.251
            transparency 0.0
            shininess 0.5
        }
    }
    geometry IndexedFaceSet {
        ccw TRUE
        solid FALSE
        coord DEF co Coordinate {
            point [
                0.4347 -1.6683 2.874, 0.4347 -1.8082 2.874, 0.4621 -1.6683 2.874, 0.461 -1.8082 2.874, 0.4841 -1.8058 2.874, 0.4996 -1.8002 2.874, 0.5117 -1.7923 2.874, 0.515 -1.7893 2.874, 0.524 -1.7781 2.874, 0.5303 -1.7646 2.874, 0.5338 -1.748 2.874, 0.5344 -1.7365 2.874, 0.5322 -1.7156 2.874, 0.5273 -1.7018 2.874, 0.5205 -1.6914 2.874, 0.5145 -1.6853 2.874, 0.4855 -1.6708 2.874, 0.5012 -1.6765 2.874
            ]
        }
        coordIndex [
            0,1,2,-1,2,1,3,-1,2,3,4,-1,4,5,2,-1,2,5,6,-1,2,6,7,-1,7,8,2,-1,2,8,9,-1,2,9,10,-1,10,11,2,-1,2,11,12,-1,2,12,13,-1,13,14,2,-1,2,14,15,-1,2,15,16,-1,16,15,17,-1,
        ]
    }
}
Shape{
    appearance Appearance {
        material  Material 	{
            diffuseColor 1.0 1.0 1.0
            specularColor 0.5019607843137255 0.5019607843137255 0.5019607843137255
            ambientIntensity 1.0
            transparency 0.0
            shininess 0.5
        }
    }
    geometry IndexedFaceSet {
        ccw TRUE
        solid FALSE
        coord DEF co Coordinate {
            point [
                0.196 -1.8111 2.878, 0.196 -1.8111 2.874, 0.1777 -1.8089 2.874, 0.1777 -1.8089 2.878, 0.1647 -1.8039 2.874, 0.1647 -1.8039 2.878, 0.1529 -1.7955 2.874, 0.1529 -1.7955 2.878, 0.1494 -1.792 2.874, 0.1494 -1.792 2.878, 0.1405 -1.7797 2.874, 0.1405 -1.7797 2.878, 0.1347 -1.7651 2.874, 0.1347 -1.7651 2.878, 0.1318 -1.7469 2.874, 0.1318 -1.7469 2.878, 0.1316 -1.7402 2.874, 0.1316 -1.7402 2.878, 0.1341 -1.7172 2.874, 0.1341 -1.7172 2.878, 0.1399 -1.7011 2.874, 0.1399 -1.7011 2.878, 0.1484 -1.6882 2.874, 0.1484 -1.6882 2.878, 0.1506 -1.6856 2.874, 0.1506 -1.6856 2.878, 0.163 -1.6754 2.874, 0.163 -1.6754 2.878, 0.1773 -1.6688 2.874, 0.1773 -1.6688 2.878, 0.1931 -1.6657 2.874, 0.1931 -1.6657 2.878, 0.2001 -1.6655 2.874, 0.2001 -1.6655 2.878, 0.2225 -1.6681 2.874, 0.2225 -1.6681 2.878, 0.2409 -1.6751 2.874, 0.2409 -1.6751 2.878, 0.2429 -1.6762 2.874, 0.2429 -1.6762 2.878, 0.2429 -1.6517 2.878, 0.2429 -1.6517 2.874, 0.1999 -1.6443 2.874, 0.1999 -1.6443 2.878, 0.2004 -1.6443 2.878, 0.2241 -1.6462 2.874, 0.2241 -1.6462 2.878, 0.2191 -1.6458 2.874, 0.2004 -1.6443 2.874, 0.1874 -1.6458 2.874, 0.1734 -1.6476 2.878, 0.1734 -1.6476 2.874, 0.1544 -1.655 2.874, 0.1544 -1.655 2.878, 0.1375 -1.6669 2.874, 0.1375 -1.6669 2.878, 0.1332 -1.671 2.874, 0.1332 -1.671 2.878, 0.12 -1.6882 2.874, 0.1151 -1.6998 2.874, 0.1114 -1.7084 2.878, 0.12 -1.6882 2.878, 0.1114 -1.7084 2.874, 0.1073 -1.7321 2.874, 0.1073 -1.7321 2.878, 0.107 -1.7416 2.874, 0.107 -1.7416 2.878, 0.1099 -1.7687 2.874, 0.1151 -1.783 2.874, 0.1169 -1.7882 2.878, 0.1099 -1.7687 2.878, 0.1169 -1.7882 2.874, 0.1274 -1.804 2.874, 0.1274 -1.804 2.878, 0.1303 -1.8072 2.874, 0.1303 -1.8072 2.878, 0.162 -1.8274 2.874, 0.1449 -1.8194 2.878, 0.1449 -1.8194 2.874, 0.1768 -1.8305 2.874, 0.1817 -1.8315 2.878, 0.162 -1.8274 2.878, 0.1817 -1.8315 2.874, 0.1927 -1.832 2.874, 0.1927 -1.832 2.878, 0.2203 -1.8294 2.878, 0.2087 -1.8305 2.874, 0.2203 -1.8294 2.874, 0.2398 -1.823 2.874, 0.2398 -1.823 2.878, 0.2429 -1.8214 2.874, 0.2429 -1.8214 2.878, 0.2429 -1.799 2.878, 0.2429 -1.799 2.874, 0.2251 -1.807 2.874, 0.2251 -1.807 2.878, 0.2046 -1.8108 2.874, 0.2046 -1.8108 2.878, 0.8473 -2.0468 2.878, 0.8399 -2.0673 2.878, 0.9082 -2.0468 2.878, 0.9155 -2.0673 2.878, 0.8744 -1.9713 2.878, 0.8657 -1.9354 2.878, 0.7965 -2.117 2.878, 0.8224 -2.117 2.878, 0.876 -1.9659 2.878, 0.8774 -1.9586 2.878, 0.8907 -1.9354 2.878, 0.878 -1.9586 2.878, 0.8794 -1.9663 2.878, 0.8808 -1.9713 2.878, 0.9599 -2.117 2.878, 0.934 -2.117 2.878, 0.8657 -1.9354 2.874, 0.8907 -1.9354 2.874, 0.7965 -2.117 2.874, 0.8563 -1.9599 2.874, 0.8224 -2.117 2.874, 0.8399 -2.0673 2.874, 0.9155 -2.0673 2.874, 0.934 -2.117 2.874, 0.9599 -2.117 2.874, 0.9 -1.9599 2.874, 0.8744 -1.9713 2.874, 0.876 -1.9659 2.874, 0.8774 -1.9586 2.874, 0.8473 -2.0468 2.874, 0.9082 -2.0468 2.874, 0.8808 -1.9713 2.874, 0.878 -1.9586 2.874, 0.8794 -1.9663 2.874
            ]
        }
        coordIndex [
            0,1,2,-1,0,2,3,-1,3,2,4,-1,3,4,5,-1,5,4,6,-1,5,6,7,-1,7,6,8,-1,7,8,9,-1,9,8,10,-1,9,10,11,-1,11,10,12,-1,11,12,13,-1,13,12,14,-1,13,14,15,-1,15,14,16,-1,15,16,17,-1,17,16,18,-1,17,18,19,-1,19,18,20,-1,19,20,21,-1,21,20,22,-1,21,22,23,-1,23,22,24,-1,23,24,25,-1,25,24,26,-1,25,26,27,-1,27,26,28,-1,27,28,29,-1,29,28,30,-1,29,30,31,-1,31,30,32,-1,31,32,33,-1,33,32,34,-1,33,34,35,-1,35,34,36,-1,35,36,37,-1,37,36,38,-1,37,38,39,-1,40,39,41,-1,41,39,38,-1,42,43,44,-1,40,41,45,-1,40,45,46,-1,46,45,47,-1,46,47,44,-1,44,47,48,-1,44,48,42,-1,43,42,49,-1,43,49,50,-1,49,51,50,-1,50,51,52,-1,50,52,53,-1,53,52,54,-1,53,54,55,-1,55,54,56,-1,55,56,57,-1,57,56,58,-1,59,60,58,-1,58,60,61,-1,58,61,57,-1,59,62,60,-1,60,62,63,-1,60,63,64,-1,64,63,65,-1,64,65,66,-1,66,65,67,-1,68,69,67,-1,67,69,70,-1,67,70,66,-1,68,71,69,-1,69,71,72,-1,69,72,73,-1,73,72,74,-1,73,74,75,-1,76,77,78,-1,78,77,75,-1,78,75,74,-1,79,80,76,-1,76,80,81,-1,76,81,77,-1,79,82,80,-1,80,82,83,-1,80,83,84,-1,84,83,85,-1,85,83,86,-1,86,87,85,-1,85,87,88,-1,85,88,89,-1,89,88,90,-1,89,90,91,-1,92,91,93,-1,93,91,90,-1,92,93,94,-1,92,94,95,-1,95,94,96,-1,95,96,97,-1,97,96,1,-1,97,1,0,-1,37,39,40,-1,19,21,61,-1,37,40,35,-1,35,40,46,-1,35,46,33,-1,33,46,44,-1,33,44,31,-1,31,44,43,-1,31,43,29,-1,29,43,50,-1,29,50,27,-1,91,92,89,-1,89,92,95,-1,89,95,85,-1,85,95,97,-1,85,97,84,-1,84,97,0,-1,84,0,80,-1,80,0,3,-1,80,3,81,-1,81,3,5,-1,81,5,77,-1,77,5,7,-1,77,7,75,-1,75,7,9,-1,75,9,73,-1,73,9,11,-1,73,11,69,-1,61,21,57,-1,50,53,27,-1,27,53,55,-1,27,55,25,-1,25,55,57,-1,25,57,23,-1,23,57,21,-1,66,17,64,-1,64,17,19,-1,64,19,60,-1,60,19,61,-1,69,11,70,-1,70,11,13,-1,70,13,66,-1,66,13,15,-1,66,15,17,-1,98,99,100,-1,100,99,101,-1,102,103,98,-1,98,103,104,-1,98,104,99,-1,99,104,105,-1,102,106,103,-1,103,106,107,-1,103,107,108,-1,108,107,109,-1,108,109,110,-1,110,111,108,-1,108,111,100,-1,108,100,112,-1,112,100,101,-1,112,101,113,-1,103,108,114,-1,114,108,115,-1,116,104,117,-1,117,104,103,-1,117,103,114,-1,105,104,118,-1,118,104,116,-1,99,105,119,-1,119,105,118,-1,101,99,120,-1,120,99,119,-1,113,101,121,-1,121,101,120,-1,112,113,122,-1,122,113,121,-1,115,108,123,-1,123,108,112,-1,123,112,122,-1,102,124,125,-1,102,125,106,-1,106,125,126,-1,106,126,107,-1,102,98,124,-1,124,98,127,-1,98,100,127,-1,127,100,128,-1,100,111,128,-1,128,111,129,-1,109,130,131,-1,109,131,110,-1,110,131,129,-1,110,129,111,-1,109,107,130,-1,130,107,126,-1,
        ]
    }
}
Shape{
    appearance Appearance {
        material  Material 	{
            diffuseColor 0.17647058823529413 0.17647058823529413 0.17647058823529413
            specularColor 0.011764705882352941 0.011764705882352941 0.011764705882352941
            ambientIntensity 0.251
            transparency 0.0
            shininess 0.5
        }
    }
    geometry IndexedFaceSet {
        ccw TRUE
        solid FALSE
        coord DEF co Coordinate {
            point [
                0.878 -1.9586 2.874, 0.8774 -1.9586 2.874, 0.8794 -1.9663 2.874, 0.876 -1.9659 2.874, 0.8808 -1.9713 2.874, 0.8744 -1.9713 2.874, 0.9082 -2.0468 2.874, 0.8473 -2.0468 2.874
            ]
        }
        coordIndex [
            0,1,2,-1,2,1,3,-1,2,3,4,-1,4,3,5,-1,4,5,6,-1,6,5,7,-1,
        ]
    }
}
Shape{
    appearance Appearance {
        material  Material 	{
            diffuseColor 1.0 1.0 1.0
            specularColor 0.5019607843137255 0.5019607843137255 0.5019607843137255
            ambientIntensity 1.0
            transparency 0.0
            shininess 0.5
        }
    }
    geometry IndexedFaceSet {
        ccw TRUE
        solid FALSE
        coord DEF co Coordinate {
            point [
                0.5301 -2.0963 2.874, 0.5301 -2.0963 2.878, 0.5641 -2.0963 2.874, 0.6043 -2.0963 2.878, 0.6043 -2.0963 2.874, 0.5301 -2.0352 2.878, 0.5301 -2.0352 2.874, 0.595 -2.0352 2.874, 0.595 -2.0352 2.878, 0.5641 -2.0352 2.874, 0.595 -2.0144 2.878, 0.595 -2.0144 2.874, 0.5301 -2.0144 2.874, 0.5301 -2.0144 2.878, 0.5641 -2.0144 2.874, 0.5301 -1.9563 2.878, 0.5301 -1.9599 2.874, 0.5301 -1.9563 2.874, 0.6002 -1.9563 2.874, 0.6002 -1.9563 2.878, 0.5641 -1.9563 2.874, 0.6002 -1.9354 2.878, 0.6002 -1.9354 2.874, 0.5066 -1.9354 2.874, 0.5066 -1.9354 2.878, 0.5641 -1.9354 2.874, 0.5066 -2.117 2.874, 0.5066 -2.117 2.878, 0.5066 -1.9599 2.874, 0.6043 -2.117 2.874, 0.6043 -2.117 2.878, 0.5641 -2.117 2.874, 0.0272 -2.0963 2.878, 0.1014 -2.0963 2.878, 0.0272 -2.0963 2.874, 0.1014 -2.0963 2.874, 0.0272 -2.0352 2.878, 0.0272 -2.0352 2.874, 0.0922 -2.0352 2.878, 0.0922 -2.0352 2.874, 0.0922 -2.0144 2.878, 0.0922 -2.0144 2.874, 0.0272 -2.0144 2.878, 0.0272 -2.0144 2.874, 0.0272 -1.9563 2.878, 0.0272 -1.9599 2.874, 0.0272 -1.9563 2.874, 0.0973 -1.9563 2.878, 0.0973 -1.9563 2.874, 0.0973 -1.9354 2.878, 0.0973 -1.9354 2.874, 0.0038 -1.9354 2.878, 0.0038 -1.9354 2.874, 0.0038 -2.117 2.874, 0.0038 -2.117 2.878, 0.0038 -1.9599 2.874, 0.1014 -2.117 2.878, 0.1014 -2.117 2.874, 0.6199 -1.7588 2.878, 0.6125 -1.7793 2.878, 0.6808 -1.7588 2.878, 0.6881 -1.7793 2.878, 0.6471 -1.6833 2.878, 0.6383 -1.6474 2.878, 0.5691 -1.8289 2.878, 0.595 -1.8289 2.878, 0.6486 -1.6779 2.878, 0.65 -1.6706 2.878, 0.6633 -1.6474 2.878, 0.6506 -1.6706 2.878, 0.652 -1.6783 2.878, 0.6534 -1.6833 2.878, 0.7325 -1.8289 2.878, 0.7066 -1.8289 2.878, 0.6383 -1.6474 2.874, 0.6633 -1.6474 2.874, 0.5691 -1.8289 2.874, 0.6215 -1.6915 2.874, 0.595 -1.8289 2.874, 0.6125 -1.7793 2.874, 0.6881 -1.7793 2.874, 0.6215 -1.7793 2.874, 0.7066 -1.8289 2.874, 0.7325 -1.8289 2.874, 0.6471 -1.6833 2.874, 0.6486 -1.6779 2.874, 0.65 -1.6706 2.874, 0.6199 -1.7588 2.874, 0.6808 -1.7588 2.874, 0.6534 -1.6833 2.874, 0.6506 -1.6706 2.874, 0.652 -1.6783 2.874
            ]
        }
        coordIndex [
            0,1,2,-1,2,1,3,-1,2,3,4,-1,5,1,6,-1,6,1,0,-1,7,8,9,-1,9,8,5,-1,9,5,6,-1,10,8,11,-1,11,8,7,-1,12,13,14,-1,14,13,10,-1,14,10,11,-1,13,12,15,-1,15,12,16,-1,15,16,17,-1,18,19,20,-1,20,19,15,-1,20,15,17,-1,21,19,22,-1,22,19,18,-1,23,24,25,-1,25,24,21,-1,25,21,22,-1,26,27,28,-1,28,27,24,-1,28,24,23,-1,29,30,31,-1,31,30,27,-1,31,27,26,-1,3,30,4,-1,4,30,29,-1,27,30,3,-1,3,1,27,-1,27,1,5,-1,27,5,24,-1,19,21,15,-1,15,21,24,-1,15,24,13,-1,13,24,5,-1,13,5,10,-1,10,5,8,-1,32,33,34,-1,34,33,35,-1,36,32,37,-1,37,32,34,-1,38,36,39,-1,39,36,37,-1,40,38,41,-1,41,38,39,-1,42,40,43,-1,43,40,41,-1,42,43,44,-1,44,43,45,-1,44,45,46,-1,47,44,48,-1,48,44,46,-1,49,47,50,-1,50,47,48,-1,51,49,52,-1,52,49,50,-1,53,54,55,-1,55,54,51,-1,55,51,52,-1,56,54,57,-1,57,54,53,-1,33,56,35,-1,35,56,57,-1,54,56,33,-1,33,32,54,-1,54,32,36,-1,54,36,51,-1,47,49,44,-1,44,49,51,-1,44,51,42,-1,42,51,36,-1,42,36,40,-1,40,36,38,-1,58,59,60,-1,60,59,61,-1,62,63,58,-1,58,63,64,-1,58,64,59,-1,59,64,65,-1,62,66,63,-1,63,66,67,-1,63,67,68,-1,68,67,69,-1,68,69,70,-1,70,71,68,-1,68,71,60,-1,68,60,72,-1,72,60,61,-1,72,61,73,-1,63,68,74,-1,74,68,75,-1,76,64,77,-1,77,64,63,-1,77,63,74,-1,65,64,78,-1,78,64,76,-1,59,65,79,-1,79,65,78,-1,80,61,81,-1,81,61,59,-1,81,59,79,-1,73,61,82,-1,82,61,80,-1,72,73,83,-1,83,73,82,-1,68,72,75,-1,75,72,83,-1,62,84,85,-1,62,85,66,-1,66,85,86,-1,66,86,67,-1,62,58,84,-1,84,58,87,-1,58,60,87,-1,87,60,88,-1,60,71,88,-1,88,71,89,-1,69,90,91,-1,69,91,70,-1,70,91,89,-1,70,89,71,-1,69,67,90,-1,90,67,86,-1,
        ]
    }
}
Shape{
    appearance Appearance {
        material  Material 	{
            diffuseColor 0.17647058823529413 0.17647058823529413 0.17647058823529413
            specularColor 0.011764705882352941 0.011764705882352941 0.011764705882352941
            ambientIntensity 0.251
            transparency 0.0
            shininess 0.5
        }
    }
    geometry IndexedFaceSet {
        ccw TRUE
        solid FALSE
        coord DEF co Coordinate {
            point [
                0.6506 -1.6706 2.874, 0.65 -1.6706 2.874, 0.652 -1.6783 2.874, 0.6486 -1.6779 2.874, 0.6534 -1.6833 2.874, 0.6471 -1.6833 2.874, 0.6808 -1.7588 2.874, 0.6199 -1.7588 2.874
            ]
        }
        coordIndex [
            0,1,2,-1,2,1,3,-1,2,3,4,-1,4,3,5,-1,4,5,6,-1,6,5,7,-1,
        ]
    }
}
Shape{
    appearance Appearance {
        material  Material 	{
            diffuseColor 1.0 1.0 1.0
            specularColor 0.5019607843137255 0.5019607843137255 0.5019607843137255
            ambientIntensity 1.0
            transparency 0.0
            shininess 0.5
        }
    }
    geometry IndexedFaceSet {
        ccw TRUE
        solid FALSE
        coord DEF co Coordinate {
            point [
                0.3027 -1.8082 2.874, 0.3027 -1.8082 2.878, 0.3517 -1.8082 2.874, 0.3769 -1.8082 2.878, 0.3769 -1.8082 2.874, 0.3027 -1.7472 2.878, 0.3027 -1.7472 2.874, 0.3676 -1.7472 2.874, 0.3676 -1.7472 2.878, 0.3517 -1.7472 2.874, 0.3676 -1.7264 2.878, 0.3676 -1.7264 2.874, 0.3027 -1.7264 2.874, 0.3027 -1.7264 2.878, 0.3517 -1.7264 2.874, 0.3027 -1.6683 2.878, 0.3027 -1.6683 2.874, 0.3728 -1.6683 2.874, 0.3728 -1.6683 2.878, 0.3517 -1.6683 2.874, 0.3728 -1.6474 2.878, 0.3728 -1.6474 2.874, 0.2793 -1.6474 2.874, 0.2793 -1.6474 2.878, 0.3517 -1.6474 2.874, 0.2793 -1.8289 2.878, 0.2793 -1.8289 2.874, 0.3769 -1.8289 2.874, 0.3769 -1.8289 2.878, 0.3517 -1.8289 2.874, 0.0272 -1.8082 2.878, 0.0995 -1.8082 2.878, 0.0272 -1.8082 2.874, 0.0995 -1.8082 2.874, 0.0272 -1.6474 2.878, 0.0272 -1.6474 2.874, 0.0038 -1.6474 2.878, 0.0038 -1.6474 2.874, 0.0038 -1.8289 2.878, 0.0038 -1.8289 2.874, 0.0995 -1.8289 2.878, 0.0995 -1.8289 2.874
            ]
        }
        coordIndex [
            0,1,2,-1,2,1,3,-1,2,3,4,-1,5,1,6,-1,6,1,0,-1,7,8,9,-1,9,8,5,-1,9,5,6,-1,10,8,11,-1,11,8,7,-1,12,13,14,-1,14,13,10,-1,14,10,11,-1,15,13,16,-1,16,13,12,-1,17,18,19,-1,19,18,15,-1,19,15,16,-1,20,18,21,-1,21,18,17,-1,22,23,24,-1,24,23,20,-1,24,20,21,-1,25,23,26,-1,26,23,22,-1,27,28,29,-1,29,28,25,-1,29,25,26,-1,3,28,4,-1,4,28,27,-1,25,28,3,-1,3,1,25,-1,25,1,5,-1,25,5,23,-1,18,20,15,-1,15,20,23,-1,15,23,13,-1,13,23,5,-1,13,5,10,-1,10,5,8,-1,30,31,32,-1,32,31,33,-1,34,30,35,-1,35,30,32,-1,36,34,37,-1,37,34,35,-1,38,36,39,-1,39,36,37,-1,40,38,41,-1,41,38,39,-1,31,40,33,-1,33,40,41,-1,34,36,30,-1,30,36,38,-1,30,38,31,-1,31,38,40,-1,
        ]
    }
}